509,1169
864,402
846,317
529,728
872,575
1194,421
434,172
1015,526
692,252
782,315
832,503
1238,524
872,1019
1160,416
1227,548
732,286
813,382
471,224
692,329
1045,673
927,484
1146,511
1310,713
913,344
802,391
1663,692
535,271
981,497
1133,415
1036,440
1044,409
640,320
1030,389
1166,498
1427,507
512,210
1296,566
946,438
720,356
566,1260
1099,856
317,165
916,345
1228,602
576,369
921,508
1015,359
1436,806
1156,455
844,365
831,407
490,189
733,506
790,414
914,821
367,132
908,359
754,404
1395,568
377,199
898,471
585,321
1143,489
1239,588
642,319
1081,565
1678,1205
1227,603
1023,692
738,612
1463,855
326,180
1099,452
792,399
989,510
1258,561
1686,840
1006,423
1443,776
575,264
869,438
1189,483
343,176
1374,879
403,178
1234,630
985,496
809,416
424,801
935,312
1041,399
1380,733
1444,639
948,468
849,365
764,424
1012,913
623,367
415,207
848,297
921,658
1105,628
995,801
1017,332
704,234
423,209
703,356
897,438
1409,621
494,258
1336,557
706,351
1409,516
354,170
868,357
1317,786
1357,774
485,270
1095,481
1208,571
1109,404
773,359
1494,513
1229,629
647,302
996,609
993,460
464,239
991,518
653,325
590,1144
1457,576
1073,599
976,426
1091,434
1561,671
1039,484
503,297
694,298
1370,565
932,371
539,322
597,1006
602,316
1064,461
1229,625
759,285
1571,684
522,1212
1323,418
707,231
662,348
775,306
576,272
1021,361
1224,577
1228,448
484,735
538,313
381,799
284,133
1258,554
1198,561
568,318
1257,391
916,327
1431,689
665,296
564,1314
490,270
766,272
1113,381
716,406
993,456
1248,465
910,289
659,679
1169,485
485,760
1147,475
1705,513
936,315
888,436
667,255
862,317
1511,690
1128,442
871,320
1514,663
678,218
1084,477
461,306
1040,857
1442,709
1186,464
349,205
826,296
1142,523
1279,551
693,363
796,328
1377,591
592,1048
724,411
1045,427
948,806
799,253
375,184
1231,632
1240,599
715,377
1147,628
601,321
893,398
405,737
666,352
1382,687
920,836
1118,522
593,326
1064,429
1431,474
1046,487
1214,538
805,334
375,173
772,403
1216,616
1211,514
630,297
1308,625
1626,598
1220,504
549,258
990,558
634,217
1241,796
713,349
1179,402
1458,460
967,391
813,274
458,296
842,986
1014,424
1151,545
1192,542
856,386
887,431
1251,777
1094,689
766,260
1326,600
1415,708
1023,433
1300,493
537,1096
1480,576
905,325
1042,755
1245,553
630,293
1293,786
377,213
666,289
1280,404
724,486
1021,439
521,311
935,388
513,208
613,235
541,276
1251,699
656,320
660,311
1276,475
822,398
1006,376
903,334
1068,642
1037,421
792,369
1098,715
904,421
566,853
1266,495
1511,577
1249,667
942,830
1083,311
1378,813
942,465
496,774
699,219
1362,736
943,409
806,1017
1030,447
1208,494
450,863
557,448
1426,575
1333,500
540,1053
1135,549
1296,571
907,485
773,303
1011,463
888,496
849,335
1293,656
1113,565
1531,582
537,230
1571,619
805,313
1204,853
1225,399
1512,683
881,400
679,407
935,412
879,299
970,629
472,1068
889,290
290,136
1029,374
715,1063
1262,459
641,253
1261,642
1152,491
639,329
1434,659
1278,694
762,391
476,348
709,257
664,376
1329,599
978,580
587,1101
685,352
589,263
1096,455
698,231
1288,568
1046,567
780,236
640,232
610,226
1222,600
799,342
439,799
1160,526
1269,639
1357,705
879,418
588,201
715,384
1338,665
687,373
556,296
861,326
725,288
1433,716
964,492
617,1014
1253,604
1100,553
680,350
1017,477
434,176
1331,597
788,336
623,378
1337,464
1313,641
1077,559
1276,768
647,335
1312,671
1591,756
605,823
1311,542
970,380
778,992
930,320
318,219
1199,618
708,557
1364,678
557,1250
1187,453
892,417
1073,520
728,372
751,355
781,313
1166,695
1302,703
795,363
1355,697
827,307
1416,484
1413,593
590,272
1301,584
944,719
814,372
1343,458
896,269
1158,472
1376,763
818,500
1069,375
883,274
730,408
1028,411
541,1216
929,262
308,166
1093,418
1217,551
1323,485
1073,554
1118,899
1099,343
529,949
699,385
1209,506
1144,373
425,196
647,210
775,849
494,275
1009,517
1077,408
545,230
864,1099
1636,718
1228,504
1447,668
650,265
526,1192
441,1010
785,387
857,420
909,380
475,1073
608,333
806,415
529,1153
1103,373
1387,564
1282,560
847,325
1132,511
465,189
730,434
1003,278
655,323
626,346
645,894
1487,589
604,308
626,401
976,601
1304,668
1312,596
879,450
1281,497
1221,703
1075,535
624,316
786,406
1079,406
623,278
1229,523
1212,598
1209,519
1092,738
1351,470
1167,581
895,426
1479,646
798,225
1050,305
1302,604
1029,361
1069,495
1118,497
712,267
987,614
1280,484
761,294
1447,660
754,369
1234,526
685,1180
1304,432
1123,601
1041,424
343,207
1554,580
1076,408
868,394
839,379
751,204
334,239
756,333
954,386
621,293
1300,674
1109,596
1203,474
857,284
703,230
792,369
1296,1137
1359,552
1114,423
1280,626
759,309
965,481
1236,645
797,374
1320,523
914,366
1348,762
1159,502
465,223
789,238
678,287
443,893
1041,344
976,432
924,346
1308,500
670,315
437,254
980,465
824,390
665,334
1589,586
876,260
1404,639
1193,497
1536,554
691,357
1357,564
419,264
1084,608
862,430
849,339
1257,480
688,252
458,276
706,350
1528,758
1454,522
653,246
1407,493
344,167
1370,394
778,1227
735,219
1283,543
1327,567
714,389
1143,427
615,404
841,510
1126,488
626,390
1027,521
875,280
351,176
413,185
808,304
1349,675
640,330
922,466
1388,776
810,332
715,307
1224,490
1394,752
682,210
769,277
609,977
406,794
679,336
1177,611
906,484
994,331
1216,543
1413,784
975,472
941,388
846,268
752,221
512,244
854,342
719,374
672,337
944,456
1025,511
409,808
923,333
1275,495
1468,735
1372,513
691,251
704,823
1205,367
628,213
1195,480
1194,540
939,406
636,422
916,268
861,301
406,833
637,330
558,241
717,231
1572,572
610,290
852,1019
923,391
611,298
909,300
887,771
1085,450
1507,513
1444,729
1051,376
809,460
914,337
1163,676
628,280
763,325
809,325
1449,639
1098,499
1082,616
888,276
1056,397
1408,628
1270,456
856,303
894,317
1221,807
1743,783
1396,659
1411,643
1362,489
1292,703
956,528
833,518
1333,598
949,316
828,411
793,382
1029,464
658,339
759,343
747,625
961,339
1052,423
906,831
1218,515
1042,516
362,157
607,189
1027,493
507,245
1234,449
900,1122
970,452
1384,728
696,292
1030,668
975,467
684,334
1455,635
718,316
436,200
744,362
1455,664
1126,533
907,425
1227,540
1268,689
598,1191
624,229
1045,566
1510,644
971,487
669,365
735,235
790,371
551,281
1229,649
1456,673
1165,629
1340,581
1550,984
448,247
855,326
630,319
1039,526
1364,572
1082,584
601,203
1441,645
1484,597
519,1173
1243,639
612,286
506,728
694,331
1586,556
724,337
734,300
609,603
1124,479
732,272
542,692
879,310
888,279
1116,371
805,262
1264,529
583,312
421,838
1257,400
1392,602
788,541
690,296
559,1261
685,280
652,867
1434,768
763,337
1124,408
887,922
991,401
1188,696
779,393
1075,686
1178,599
780,474
742,404
1217,588
549,225
376,236
835,421
722,384
464,217
646,224
967,302
1504,769
1287,632
457,866
929,450
1270,661
1152,503
1192,504
757,444
653,258
756,353
1408,588
1170,579
1403,562
732,198
638,213
1178,534
1032,372
525,290
587,969
799,370
646,271
833,319
592,250
465,240
716,296
402,784
1237,550
1018,615
995,384
1108,472
633,333
982,362
905,306
1390,593
1073,425
967,531
689,405
1326,1019
844,1099
472,185
634,300
1404,560
887,316
663,375
1131,516
1176,502
2065,870
1704,686
686,577
313,143
1208,599
540,339
1745,643
656,254
1230,611
1003,433
697,258
614,264
974,436
1245,741
908,426
845,289
810,306
750,279
473,935
436,899
1327,532
1349,570
576,275
1586,813
592,231
607,297
925,402
521,687
962,480
1046,528
1390,757
818,386
1055,443
830,548
323,139
531,272
599,859
950,329
510,340
1338,578
1458,546
510,971
1003,985
637,242
1348,594
473,226
1144,500
1153,699
892,388
1189,723
620,548
573,342
870,256
758,328
900,396
678,411
817,341
1064,532
954,563
1341,619
1087,262
720,340
806,296
980,459
968,369
1208,706
644,454
1205,571
507,248
1582,664
501,306
939,813
928,531
734,392
920,267
858,277
1289,417
1571,766
527,226
1198,588
525,750
900,443
781,1008
777,356
1080,578
922,620
802,615
887,284
762,201
701,948
996,385
1157,564
972,549
1199,743
1042,429
581,182
757,366
951,453
1540,597
584,167
915,819
1260,502
736,425
1016,369
1071,472
1304,684
1087,493
930,302
1548,677
390,868
1802,643
732,600
1301,619
675,273
426,187
695,741
732,421
924,454
1186,458
640,190
1009,819
1182,555
735,299
1328,695
924,447
1106,538
460,197
914,526
480,242
950,403
1497,559
564,322
622,1091
1078,492
1018,644
938,568
1246,517
1270,450
1348,714
831,437
994,565
691,220
807,478
1016,399
802,414
1056,478
886,707
768,240
1281,500
836,412
622,301
1219,370
1416,497
2176,990
492,240
560,287
932,456
1010,862
985,454
991,434
735,670
1683,787
810,518
909,594
759,406
1587,545
1136,601
1235,671
800,509
725,403
775,288
694,822
1376,499
955,449
1097,484
944,333
876,278
614,306
644,281
1422,628
1006,431
564,965
389,863
1126,550
552,311
747,360
875,322
1487,692
956,332
1388,635
935,461
904,387
631,289
1143,537
580,276
1303,880
871,1228
1084,436
1444,823
898,368
814,375
1617,724
1220,482
1235,688
1211,578
1664,848
1055,358
675,227
797,369
1233,842
780,284
1159,561
681,399
1574,665
490,325
719,246
952,757
1337,809
738,383
372,234
1013,439
1443,574
746,983
755,396
1427,648
883,363
1037,367
1674,528
1417,607
777,285
819,256
584,382
1142,532
477,228
1240,684
1331,560
1042,626
1125,495
1057,511
963,850
1028,603
1012,509
692,352
579,430
962,426
560,301
920,862
1426,640
1445,586
1522,585
807,476
1003,595
645,212
966,300
899,383
1246,481
482,252
984,363
1152,494
1131,435
1230,508
854,1055
658,336
1099,631
1129,424
431,851
495,863
968,628
953,549
1172,495
514,1208
1358,723
1102,618
917,390
608,234
1069,520
684,517
442,834
849,334
914,365
1432,648
833,294
1253,521
680,1003
1004,517
540,297
465,270
1266,522
1066,350
1359,657
683,322
405,243
1241,791
1149,585
914,363
475,611
680,367
1101,433
793,323
1137,495
938,891
541,189
900,561
1285,479
840,336
1005,470
576,185
1470,547
1293,635
657,362
756,374
1358,487
622,313
951,350
641,392
714,321
617,367
1201,534
1332,487
330,128
422,887
577,283
726,326
1069,484
613,317
1358,704
1129,611
755,986
856,424
1161,558
1048,368
922,449
1127,565
660,209
1241,486
1006,376
1425,637
1117,668
477,275
844,327
806,428
639,329
1040,563
1060,396
777,357
1570,569
1313,582
671,240
826,331
509,345
1257,648
990,472
554,737
1596,685
1215,554
670,321
1254,501
1475,775
1214,592
809,295
960,485
635,340
895,291
913,309
651,279
1289,733
663,379
1130,895
371,185
951,700
883,367
1551,683
1160,558
775,375
1123,654
700,399
578,337
1017,476
506,758
889,350
666,255
907,381
1386,789
1378,524
1074,395
919,429
1752,901
1472,647
969,494
1365,790
1140,492
1098,434
714,290
842,385
477,805
558,762
709,424
681,250
802,282
1272,690
623,1193
903,487
1072,326
1260,562
1483,618
1137,615
560,235
447,253
1607,617
547,1232
1213,414
540,172
802,283
1339,506
1061,364
1259,862
951,338
888,279
1002,356
552,1047
1390,605
941,426
1312,723
1195,648
932,506
431,252
966,338
548,263
1434,586
1044,462
701,405
1322,471
1450,643
694,350
1534,501
619,301
911,380
740,234
1408,721
1321,483
1451,791
1300,563
911,333
1226,525
1371,539
486,1138
617,271
884,369
807,937
540,1074
724,307
1259,505
414,851
848,422
1025,562
630,297
871,453
719,349
1077,467
817,367
811,525
837,424
1184,676
1383,496
904,826
504,246
651,202
630,984
936,477
698,342
1302,480
1285,653
993,442
522,353
1331,483
953,319
1041,586
607,384
1498,646
955,378
977,600
1160,494
1230,629
1456,608
797,434
434,881
879,375
710,232
1646,581
1413,675
945,805
1634,699
848,400
991,485
1236,498
1240,593
1281,532
629,266
1376,524
1206,480
422,237
817,404
671,343
1335,438
779,346
649,201
943,483
1140,326
462,245
1219,522
659,347
982,574
1518,738
879,315
547,1225
1005,621
672,287
1130,531
442,874
1148,746
889,435
875,409
728,295
496,877
1395,569
848,282
825,332
814,290
809,259
1278,628
686,369
629,326
1449,572
1067,480
1234,674
1125,538
1158,561
1119,565
1096,389
1000,484
1306,502
439,238
1052,359
777,618
480,261
681,266
999,317
619,310
1251,514
1088,485
940,550
725,243
871,459
735,260
788,336
401,171
1402,712
1085,584
993,336
1333,415
1312,621
1114,423
705,386
605,312
1113,367
585,350
655,346
663,313
978,348
775,1042
792,326
1220,736
929,331
1254,534
1061,594
507,254
1273,501
1410,682
929,459
855,342
1427,694
986,537
1507,557
832,276
492,1141
827,282
1486,597
1554,627
369,202
529,1147
1203,503
549,245
910,435
1211,562
1537,662
702,381
466,1107
1320,655
1345,582
1384,536
560,220
1191,571
509,328
966,587
1345,621
1157,453
1327,725
1294,577
743,476
1221,619
1441,503
747,267
1168,598
790,342
1270,726
975,300
877,367
1394,728
1099,667
850,909
1014,316
1354,656
1259,1004
1016,439
1252,647
658,247
1289,639
379,202
1452,614
1063,551
677,483
972,359
1345,497
901,309
348,208
1024,301
1104,993
1024,894
816,408
1315,642
1250,658
711,305
987,429
928,407
826,467
760,313
992,386
924,365
544,262
1011,389
662,238
920,324
875,338
600,331
501,991
797,439
839,331
1203,420
654,204
817,301
1010,586
796,382
880,966
418,157
426,225
740,332
1335,622
907,899
437,813
899,401
783,400
511,230
990,381
783,455
789,368
946,416
858,414
1241,531
443,219
329,174
1330,973
532,217
943,328
706,318
946,558
642,246
1129,455
838,502
1101,584
1044,858
963,381
883,249
1150,424
1463,683
1297,616
889,380
1241,486
590,1020
1244,460
863,414
531,269
1232,520
1004,499
776,373
1069,491
1284,775
467,482
834,411
571,371
1031,433
1057,494
501,277
1083,526
1433,607
1146,599
1121,451
1013,836
1135,584
999,557
790,421
657,393
1616,660
1671,742
743,1000
727,340
705,364
874,419
986,348
436,166
685,416
721,962
475,192
507,291
543,336
860,456
1010,637
381,211
1216,494
1291,606
1669,708
752,260
676,367
1188,496
541,223
717,465
616,749
585,288
1317,491
797,406
1370,621
637,297
1324,538
1357,581
1181,562
1112,568
1276,565
503,1130
820,262
1372,596
762,343
1428,742
1170,637
461,226
743,1058
687,360
863,319
943,518
941,451
1170,408
1332,375
1303,1008
1144,545
959,332
656,960
936,590
405,190
1395,620
1203,474
807,335
668,416
438,877
446,895
1076,556
782,286
1551,838
642,377
788,466
846,410
792,216
1442,559
877,462
1058,532
660,1083
689,222
1066,390
765,304
423,198
815,291
1085,443
1525,747
822,379
367,160
1042,478
1557,626
1283,463
1067,384
1406,1021
1161,554
1119,381
392,177
954,845
1114,479
709,364
429,209
668,303
977,498
399,163
1340,734
1053,469
1490,513
590,262
510,1083
1186,504
1411,520
1196,648
1234,812
982,427
455,269
1435,658
515,241
1101,610
984,394
534,275
469,260
720,372
366,199
1244,727
1269,713
848,315
711,428
1507,676
1120,532
883,362
659,330
605,396
868,422
712,456
1259,542
1357,571
666,324
668,253
881,314
652,324
988,611
1260,480
730,1013
626,281
805,451
946,393
1050,591
1410,788
1154,513
967,421
1254,526
932,286
1566,638
1539,602
1384,555
522,680
839,411
923,443
408,184
436,836
1552,625
663,254
898,710
1155,485
1233,790
1765,595
1248,521
726,362
1445,594
718,366
667,214
1383,709
757,442
597,441
1316,510
1225,505
636,301
1426,512
673,306
700,264
700,526
939,350
1135,695
474,751
972,367
1326,531
1566,652
825,402
1001,395
850,323
855,353
666,386
1257,532
938,354
800,529
668,335
1916,655
884,525
1088,424
1401,713
1432,491
446,289
954,444
870,480
1358,679
672,270
967,443
723,290
732,289
1546,588
811,386
1103,404
472,297
1149,921
846,373
977,319
548,271
1285,550
1364,707
657,238
1414,599
1002,576
965,864
1036,345
1160,477
1269,550
389,190
1332,649
1129,525
1208,499
1186,583
1074,686
759,392
1497,618
1053,468
1443,691
927,444
764,356
621,568
976,486
453,281
1335,581
615,320
634,302
1184,997
1146,669
425,229
983,502
1040,455
1072,514
536,267
761,373
1322,619
957,322
977,445
458,272
536,346
441,921
1202,572
548,745
1806,720
1239,456
954,373
1047,515
423,802
1039,388
1032,510
952,646
1385,725
725,276
899,371
1298,620
973,309
921,339
1246,717
1310,501
925,390
1101,516
707,227
897,326
1233,681
1271,499
853,571
1490,611
507,202
301,132
1516,733
1414,702
1150,457
1212,510
1377,494
582,1370
963,582
532,1076
977,787
789,415
1049,500
1164,481
1106,388
543,1013
617,331
1434,653
780,427
1529,584
1216,496
508,271
1443,593
700,936
634,267
653,315
747,462
694,242
466,261
956,384
1114,336
1151,523
521,1091
994,444
752,379
694,233
573,325
1408,672
1410,753
665,445
675,219
989,515
1009,1091
1143,370
1067,509
1133,487
971,664
1015,416
1384,556
624,284
1001,483
853,558
799,415
386,198
742,271
1125,494
794,378
1496,597
566,321
964,307
651,244
734,367
929,305
1253,508
1104,719
813,442
1439,602
745,324
855,456
1101,332
1200,625
1120,540
1084,564
858,345
701,933
883,373
1278,698
613,282
1051,587
1535,617
626,305
929,463
723,423
775,330
1190,492
859,390
1461,639
1008,605
866,358
616,220
1041,501
1023,486
733,352
1016,1112
537,1100
676,239
1189,472
506,289
527,293
724,235
1190,429
1184,651
533,450
518,245
997,443
1372,490
1058,500
623,192
1020,359
906,449
924,439
803,341
332,171
728,357
777,284
858,336
980,342
561,299
569,297
1027,436
768,282
2037,989
1079,538
837,478
959,409
719,235
1133,408
747,264
865,472
1248,464
1227,355
695,435
567,200
1235,579
765,344
1187,558
1431,862
433,211
999,507
742,426
1383,551
1025,557
1068,804
1188,583
1395,625
787,337
1178,468
779,311
1373,596
1492,792
1327,587
763,421
618,394
1157,738
1191,504
1358,706
1005,719
930,518
1340,666
691,237
1453,460
1377,575
920,308
438,835
890,318
1215,425
388,157
528,299
1175,696
604,1209
571,295
984,509
835,393
1606,775
515,319
876,314
1085,419
847,436
1035,539
824,920
573,819
1131,512
822,841
1639,934
622,386
711,344
1438,641
546,312
431,164
735,375
595,263
1007,337
1382,596
805,250
601,186
681,264
1375,533
1308,538
617,247
397,836
1316,553
769,288
657,322
1643,762
1021,576
1546,759
987,485
1068,486
438,798
2018,858
1283,497
683,526
951,535
776,419
694,349
1412,580
499,224
1423,693
550,449
499,304
1288,531
965,590
654,386
755,339
1505,627
835,716
1342,767
1376,608
904,336
679,319
644,260
973,464
698,349
651,281
1227,533
755,201
762,287
1315,439
1263,644
481,295
705,353
440,196
991,346
648,201
1060,490
1485,613
826,270
1300,745
1301,637
599,278
575,394
1249,548
435,712
635,420
744,331
557,466
395,197
549,303
1004,452
559,340
1481,632
370,189
528,244
1301,578
886,343
1195,602
1340,615
700,299
537,1155
1422,638
1279,649
1444,461
1344,588
970,396
1133,472
622,741
1241,614
560,289
618,238
933,591
467,258
585,197
887,456
850,392
333,138
859,301
871,296
719,264
515,326
1464,672
725,293
1264,703
620,1058
958,611
727,412
404,747
1132,366
449,800
815,450
800,419
863,836
958,476
618,237
558,470
819,524
807,460
611,397
1096,552
995,505
1015,437
1051,499
856,288
1466,788
611,369
520,351
1118,369
379,761
438,842
1379,636
924,373
597,301
1664,702
593,268
561,310
999,456
1277,530
795,400
1481,578
608,215
714,218
976,328
1296,624
671,225
1086,467
1351,643
965,438
655,321
1410,531
1505,544
532,1009
869,354
576,633
1232,582
1311,573
1100,505
901,492
838,316
1328,525
1230,578
749,274
665,354
1994,682
1172,565
861,380
1444,598
382,812
920,329
1294,626
434,226
1111,637
439,186
817,320
686,414
888,312
904,568
1103,431
443,806
1058,416
667,314
1342,582
1385,490
1268,587
1129,395
1452,658
1064,574
1077,472
939,355
1116,474
990,504
757,1244
833,416
1395,513
441,226
645,385
643,331
1281,675
1219,852
1538,645
1336,710
1046,566
675,356
1084,717
939,283
758,373
751,317
588,1023
729,225
630,363
496,985
1133,447
1081,479
1355,493
1084,332
863,409
1313,487
461,251
1366,685
1085,609
1103,378
1149,498
861,954
542,321
955,309
1452,552
503,267
1751,934
956,777
346,201
691,320
1298,541
516,268
924,304
1014,361
582,275
1322,518
994,359
501,270
1174,453
458,237
1127,434
679,397
797,364
1122,494
599,299
867,449
880,354
1185,400
1473,739
687,777
1422,498
877,388
915,365
1039,783
1219,559
760,257
850,396
1173,575
1378,608
1304,708
1333,441
309,139
391,241
370,183
1128,594
817,311
761,364
862,394
435,274
867,922
915,809
477,1099
467,239
1039,449
649,390
798,272
1131,499
1302,509
556,661
1077,470
968,649
1447,708
791,264
1056,382
1037,431
1234,452
934,446
1055,395
1444,691
530,452
1256,541
658,443
458,853
1107,503
1021,498
829,839
1368,646
567,183
612,248
1326,621
890,437
360,171
839,481
584,266
1116,596
968,345
1206,481
476,279
1468,765
761,446
713,263
690,242
1549,766
902,287
1246,484
1235,644
1202,501
1196,645
773,341
872,369
897,477
1250,750
534,242
1633,574
1255,461
742,490
1225,414
792,425
628,271
663,284
1337,582
870,754
1034,322
602,259
1413,482
947,340
617,333
684,414
433,906
1404,510
1182,546
994,415
819,330
1371,800
536,350
1080,440
854,392
625,323
904,385
1280,563
835,329
1499,596
1022,511
1425,767
1172,568
922,430
720,608
1016,438
1180,416
783,622
1361,650
619,318
1298,478
837,438
1581,785
607,284
687,335
1547,692
1095,565
671,312
990,350
1058,406
1243,373
415,207
632,1019
1371,652
1107,619
938,933
809,426
1266,465
1072,357
1327,493
1288,493
1107,350
725,976
1398,503
805,331
1027,455
887,617
1432,625
706,425
888,319
1107,521
736,295
895,329
1462,681
1204,454
588,409
1218,476
703,940
730,282
726,337
1404,713
528,198
550,1132
1236,603
539,1016
1361,616
823,257
511,276
617,407
955,348
406,185
1000,435
1202,659
1387,586
642,307
905,491
1003,416
738,317
646,205
605,445
815,406
483,270
903,359
525,1003
980,907
414,244
1368,742
870,277
863,421
982,452
1142,503
1016,474
1399,748
1473,502
592,305
738,326
1078,457
395,744
1143,573
1532,630
776,289
731,295
440,811
1463,483
687,336
1371,564
1376,642
1284,508
1022,545
592,1205
791,423
935,726
1158,459
583,450
1160,540
1282,496
1544,835
756,234
560,340
957,454
747,293
1282,701
701,297
714,279
1286,643
1239,466
1138,522
1457,636
873,422
743,391
1267,505
1336,705
887,256
828,434
620,892
820,326
1288,606
688,264
1252,600
448,244
1430,646
862,307
367,156
1218,574
609,315
772,277
883,554
863,413
900,289
521,1173
333,158
1616,725
1007,549
1513,636
1327,449
609,1236
576,284
1009,501
771,360
515,305
1397,679
550,1133
1043,404
845,402
1442,629
585,385
752,316
970,482
729,349
677,425
1127,414
1207,520
1400,595
941,306
565,228
1423,690
565,284
1121,501
539,270
1356,500
1347,569
1169,564
420,898
767,238
609,278
891,324
898,423
572,1277
1208,575
609,378
492,1040
715,405
1081,539
1432,542
645,192
738,203
680,270
611,319
1233,560
578,294
825,418
1496,676
1231,557
1361,628
1326,631
854,1010
771,441
1093,409
1454,771
1114,672
883,705
550,270
1320,592
1312,479
810,261
1189,618
1038,340
945,379
1539,778
1402,597
739,322
876,371
722,254
1221,577
871,458
1356,540
720,357
563,1275
1597,705
1110,639
1240,825
517,341
1001,462
873,269
1046,396
1293,570
1214,690
871,484
535,237
798,451
905,422
697,230
1128,473
867,404
1454,758
551,1304
1173,632
1260,552
686,1088
733,355
1056,330
850,370
850,375
629,374
662,406
1195,536
1093,617
838,246
1180,497
1097,504
879,303
1429,561
485,247
870,305
565,285
1021,505
1166,386
912,412
1317,372
533,353
963,538
864,258
779,411
1421,566
469,222
757,223
725,333
519,239
1046,369
460,776
1434,812
827,376
1360,693
855,450
1533,670
1214,576
483,636
1530,522
1052,452
1397,655
992,495
1009,527
597,334
800,323
641,661
347,606
1369,736
1048,463
902,315
861,463
852,390
1415,696
1355,531
1544,672
761,464
851,317
920,817
1238,503
784,301
702,1044
868,385
1138,393
892,515
1425,669
435,811
1070,441
929,314
1426,503
1040,488
871,433
915,333
1417,484
779,324
943,438
510,237
1065,470
658,388
1321,582
864,758
904,343
827,259
533,271
444,229
786,280
495,192
1286,643
830,388
1370,491
769,414
838,371
1135,540
994,381
1203,466
791,492
874,469
683,1298
1440,602
1110,389
1308,617
945,520
1152,604
591,1199
1191,616
986,423
392,194
1407,475
1425,799
1427,642
1201,534
454,263
1264,531
1172,569
684,380
954,347
1038,818
986,717
768,353
1375,545
910,353
810,372
802,415
1213,557
902,404
1586,584
859,352
1444,617
798,315
1291,537
504,308
745,242
761,288
792,309
1043,535
548,224
601,183
650,291
1338,614
632,393
1325,647
964,344
819,293
1287,530
1063,548
1221,494
1162,501
771,364
1326,693
508,1004
894,404
1289,634
959,427
854,761
971,350
960,351
814,402
836,224
522,189
1142,594
652,415
754,405
643,368
1041,449
868,295
962,352
1347,463
1033,430
950,386
630,407
1314,507
1146,484
698,218
542,257
1367,517
1326,605
688,269
513,902
406,230
1252,431
1057,535
903,367
1364,592
1391,762
919,979
1132,409
808,294
454,235
1018,596
1007,362
1129,548
1232,649
576,379
673,427
1000,383
784,446
982,391
1217,506
1547,773
382,170
1224,541
403,207
1175,464
540,791
825,396
996,434
1335,596
893,282
1065,487
927,375
1299,499
590,194
610,257
1243,604
1246,577
939,440
982,642
712,294
1042,532
1583,523
851,420
653,253
1209,728
969,921
1080,355
1072,642
857,317
462,234
1180,524
952,520
755,319
1101,528
984,504
988,379
1180,595
727,421
1162,719
706,217
1202,554
1182,545
1259,608
959,328
1292,670
663,224
680,309
1503,678
397,830
762,1001
911,446
762,392
663,198
508,197
393,819
970,420
1202,512
1574,854
614,309
1143,639
707,342
707,258
1203,623
1161,444
1408,808
1596,880
1359,495
1082,426
702,310
1125,474
529,1092
802,282
1293,817
398,798
728,354
1236,516
509,252
500,274
662,285
731,372
1056,509
617,202
790,398
718,363
1276,472
665,1182
1826,1109
797,379
706,358
735,409
563,944
915,791
943,558
916,447
889,449
530,265
1356,614
663,295
392,729
474,289
1666,706
931,323
702,289
1058,480
876,289
1098,558
1025,530
976,541
1292,532
1339,466
1620,687
406,742
660,419
960,403
1271,522
632,387
1283,703
1047,481
817,473
1195,408
1083,1111
1355,728
778,364
1025,455
1294,551
840,559
714,384
1310,689
865,295
815,425
874,271
739,814
1020,860
396,186
643,346
777,291
1288,585
1295,664
390,207
1095,475
1133,544
1069,406
1034,474
451,279
1075,374
1132,607
1291,594
1061,445
873,966
1164,842
1116,371
1049,582
921,403
723,335
1255,477
1184,703
1299,521
965,508
872,449
1292,599
1465,666
957,311
1106,616
765,337
1268,411
503,213
1274,575
1187,527
840,297
1242,579
856,276
1196,515
861,328
1033,541
610,397
917,404
756,418
1396,641
314,133
685,315
1539,523
1773,707
1303,734
739,409
913,847
667,227
1283,634
740,384
1208,484
1058,391
513,245
546,242
736,355
1041,932
445,205
716,258
1064,511
1103,782
590,322
588,262
713,353
947,353
762,383
1284,575
880,268
914,386
1548,658
1004,733
1335,459
581,271
594,312
1370,538
467,243
767,940
467,227
870,459
838,375
847,232
1840,636
889,326
938,967
652,238
1235,527
669,409
517,1053
878,522
1385,672
1254,673
387,849
575,312
699,251
1262,464
1157,561
1240,609
919,840
583,1123
1352,497
1126,785
1019,505
1244,494
453,237
990,314
1106,835
874,279
838,417
958,461
711,835
999,517
590,311
933,489
1226,582
697,372
1095,454
435,903
1002,528
1011,407
641,1014
646,311
901,378
1211,405
1305,546
1318,472
631,231
518,336
1069,506
1185,446
706,332
1035,553
605,336
905,466
560,1152
932,356
745,442
1042,534
1045,470
875,302
1255,502
1443,654
623,354
1077,363
786,267
315,227
1063,483
1039,520
1438,537
1152,648
1392,653
761,210
468,279
498,209
888,269
1166,554
609,820
633,287
905,445
652,387
481,226
1147,573
604,208
1210,511
424,203
1083,679
949,605
1281,439
465,1066
950,447
737,273
573,208
582,264
970,838
1097,547
1038,464
1328,709
1186,628
712,373
990,332
545,247
924,960
1195,646
1018,427
1181,572
1133,535
1291,711
1097,545
1344,597
593,212
871,698
592,258
1003,927
1210,579
1360,711
765,392
989,390
732,420
429,232
661,271
1106,499
1220,532
1019,423
1778,641
887,305
811,489
1343,593
1096,481
1088,520
532,1232
401,831
673,394
823,413
1137,489
490,257
1251,881
586,261
372,164
1095,493
639,267
700,336
1515,617
776,351
816,320
1346,703
464,935
648,326
975,374
354,190
869,361
1811,967
576,1158
861,433
1112,478
782,244
935,495
806,828
1375,545
758,726
1149,466
1599,656
989,416
1181,655
848,445
797,473
1215,454
775,256
658,323
1397,688
988,797
592,296
1034,364
600,314
733,412
1456,604
1552,732
381,818
1019,555
800,318
980,454
743,1250
1201,587
1315,604
1254,612
955,282
707,318
858,394
1303,610
883,384
1193,600
1370,455
1110,443
1403,601
1139,598
898,351
714,305
1367,680
503,281
1145,516
1063,524
809,357
1271,746
954,452
1061,484
1410,746
759,352
782,276
1595,716
1221,701
749,294
926,470
965,413
804,531
1014,440
838,909
696,357
1005,509
1244,687
628,302
1088,561
855,779
867,435
948,534
882,424
700,371
485,240
488,620
1246,588
1063,661
1147,617
417,734
1511,818
999,290
1106,510
1224,665
1279,558
1338,718
1138,425
985,381
798,429
616,393
1524,827
733,372
427,750
804,465
498,229
1922,1001
1279,456
1107,445
1012,495
959,359
863,314
771,411
1326,620
911,492
1203,459
1362,537
1443,782
840,298
534,1091
332,192
929,276
928,354
530,155
486,264
799,284
959,334
795,355
1150,525
1313,1199
1464,717
707,287
1165,597
813,431
725,348
813,427
824,328
763,217
1056,406
683,520
1267,605
764,230
647,430
1318,453
1053,616
753,847
1417,624
1348,484
1374,476
609,252
1206,603
1212,571
417,781
773,280
1574,652
980,895
523,219
964,413
972,466
1368,611
1593,670
1074,690
487,246
1288,965
522,258
828,976
701,300
766,230
1343,627
1393,714
1217,529
1165,395
666,222
643,379
1405,824
1419,627
1269,580
1095,416
637,433
1099,577
1410,746
761,364
1372,695
878,372
1042,606
644,1042
1063,515
1336,701
1464,826
795,263
1426,703
1446,527
1104,481
1244,634
874,523
653,690
1489,830
822,935
1088,438
450,223
1137,599
834,435
675,582
764,501
646,710
463,279
618,336
1485,784
2239,1088
634,360
853,399
782,343
465,257
894,378
965,603
725,383
536,1202
564,1131
1473,666
584,311
651,1049
461,671
887,394
649,297
732,253
422,907
897,525
1857,668
1303,662
1016,399
439,888
1206,467
1257,383
1135,624
500,250
951,282
852,276
941,346
732,335
1101,578
488,1128
1233,493
838,404
432,762
807,431
1007,562
1350,616
909,380
1413,495
908,400
700,389
1605,846
1274,460
641,392
665,540
792,258
1023,379
926,525
1237,604
1167,520
1137,463
634,198
704,1058
781,259
459,213
1069,394
1152,571
1143,475
1106,479
1203,497
748,327
1381,695
817,321
1202,463
1253,698
1191,674
1196,420
1236,442
434,245
1158,603
1306,542
763,281
1161,490
604,316
929,415
590,223
810,388
845,250
713,271
518,268
1328,566
996,514
1027,473
715,965
1166,480
565,339
877,308
819,346
971,426
897,465
801,271
743,356
608,210
895,311
850,303
396,228
737,620
1141,493
1209,668
671,786
1104,443
536,219
558,264
922,470
805,435
723,270
634,423
1568,557
966,666
790,365
1272,567
833,518
1317,649
948,475
656,256
1499,618
1520,664
984,622
878,408
808,262
1186,591
884,474
1129,458
680,367
1117,668
1356,631
927,285
626,318
716,363
571,252
749,1169
538,1068
649,350
707,580
561,738
1253,514
808,339
1100,861
838,406
478,240
1175,599
1506,495
1288,398
1429,558
1249,550
1235,516
786,590
1117,471
865,1029
370,188
466,271
479,638
520,783
660,411
974,355
1210,632
587,242
1036,580
669,392
1321,522
1814,818
943,472
1166,551
1143,548
1044,387
894,336
1402,645
650,308
729,221
693,515
877,330
1310,735
1341,476
993,424
657,211
671,247
457,836
456,225
1536,800
1056,438
529,343
1301,438
1477,607
1090,627
390,794
1088,491
909,495
441,902
1364,518
531,344
487,1055
818,374
1329,665
1192,548
858,298
1521,650
564,278
1250,574
1547,620
561,824
672,274
899,936
813,305
1076,680
1230,607
865,375
829,385
1255,474
957,482
924,415
885,284
622,298
626,747
642,270
655,317
1320,684
519,244
1356,520
1187,522
971,478
1502,546
1158,567
1423,607
1014,474
1099,558
338,169
858,281
1092,537
697,208
455,255
940,443
816,390
968,538
565,1235
826,683
657,417
1021,952
884,435
908,269
758,387
535,655
1128,522
673,266
1125,502
1076,630
796,410
396,829
873,742
541,305
455,242
1065,507
1122,473
470,939
1682,640
1175,577
1236,487
1076,403
1114,740
1252,587
476,643
1081,443
548,263
1300,474
1165,510
832,833
1307,513
990,344
563,320
948,441
1424,653
834,236
1362,799
983,357
1030,381
1323,492
622,877
515,897
1613,606
835,441
560,746
919,542
1233,471
1227,470
472,254
1427,688
1249,627
963,485
797,261
480,234
976,416
1182,478
902,496
1128,644
671,272
602,391
850,256
724,371
628,300
752,414
452,250
1552,621
639,311
1007,571
1268,524
1196,474
477,267
763,1172
518,901
707,293
787,306
868,645
556,1402
536,249
754,354
507,241
1087,380
637,311
1313,637
1047,357
1161,511
1277,468
1017,659
1052,827
903,399
1079,365
1159,645
579,314
899,486
649,232
665,324
1448,611
427,193
842,753
455,277
674,389
889,305
1226,506
1429,657
1597,479
987,427
1239,654
616,286
994,443
1675,811
1470,629
762,456
1197,484
664,300
943,486
887,309
336,189
1051,350
398,162
790,456
1311,663
1333,552
845,319
1397,645
613,374
919,355
620,292
626,612
1353,485
1377,619
494,673
850,306
1291,699
829,402
518,264
549,400
741,505
815,422
974,413
1353,739
531,1210
720,288
1342,611
910,353
664,205
916,304
946,613
987,310
999,374
880,294
756,406
1338,764
1357,556
1322,752
454,476
751,259
1020,587
394,763
362,172
1102,578
1301,659
1449,659
1032,401
477,228
729,225
1588,860
851,420
798,401
1261,699
676,356
1105,363
1831,771
1306,524
751,341
1833,699
581,278
731,229
514,892
1250,593
441,255
744,306
646,344
1395,597
1588,803
1089,343
970,319
916,818
541,189
1048,517
547,249
603,194
506,325
1105,599
953,768
799,789
1288,511
683,321
1187,606
1010,797
570,332
1035,452
791,1034
1020,360
851,413
1428,543
833,1070
1417,507
567,360
942,489
1227,502
941,325
1589,626
574,315
572,1304
473,915
807,369
804,1076
898,485
1478,640
681,259
478,1123
907,293
2263,1202
802,433
765,456
1380,547
1150,532
1063,615
1047,558
846,517
836,320
1058,546
1061,424
1065,628
546,1094
1222,511
1279,721
941,492
1167,379
924,361
1239,443
1041,360
673,301
1295,622
1279,531
1078,407
916,461
949,272
1102,435
1216,540
588,250
470,264
476,1108
1368,588
770,371
719,249
886,407
1198,427
1026,399
1404,679
1272,481
623,298
780,396
865,885
1437,666
731,368
646,250
533,1146
855,293
1147,647
392,643
823,829
849,388
1278,690
1128,375
636,318
1244,663
939,298
787,407
1028,374
826,349
388,153
974,532
466,251
1202,413
740,254
1342,561
1298,618
514,474
1485,668
848,260
1045,396
1383,519
1387,397
869,522
346,253
1060,555
1531,578
1125,595
1484,632
733,244
991,491
774,392
1026,379
1244,457
722,305
923,415
740,308
812,243
1265,617
1359,539
761,384
916,340
1321,668
1120,535
717,391
852,257
741,341
1453,652
1423,558
1217,378
1080,437
731,240
651,1060
1052,490
1347,779
1168,452
1167,428
1318,713
1198,472
822,388
1458,690
592,375
877,312
829,323
942,358
711,319
957,314
1209,464
756,249
557,168
842,404
1423,773
1045,452
951,822
693,247
1224,521
505,237
986,396
968,386
1405,833
2091,1183
913,500
412,299
604,552
1182,554
558,251
1222,502
946,327
360,159
1221,669
831,297
1320,691
1074,616
1224,921
822,419
1054,525
782,437
853,478
1065,581
1211,509
735,568
926,307
1207,628
734,217
753,417
1435,584
551,1233
1008,604
1092,412
680,360
805,381
1240,662
2371,1083
1314,481
898,450
1285,563
1412,635
777,1007
1360,631
1397,694
734,352
356,187
724,305
1081,363
1408,647
1031,927
958,358
863,379
1399,778
881,449
1039,491
1495,706
502,254
589,338
1023,370
982,356
471,252
1262,530
664,404
849,401
1123,421
1418,577
1054,565
760,284
593,1320
1301,629
607,269
704,263
993,446
1061,447
1184,486
1132,531
1034,398
908,860
846,314
558,268
1064,483
1007,565
1226,533
1034,934
820,464
1536,711
887,310
846,817
967,656
465,188
1030,396
1048,504
1389,583
1168,527
1244,466
1185,654
376,166
1023,498
1335,469
997,810
926,480
1392,632
1010,506
1417,552
1372,638
1006,541
787,333
1155,492
879,458
1478,582
1388,794
679,236
1195,588
1085,466
1064,598
1037,733
1372,666
1184,492
483,945
604,207
507,1008
1366,538
1236,531
930,679
606,205
974,499
650,212
636,201
480,956
1206,652
739,377
448,798
856,292
659,239
530,294
1188,546
1302,531
1351,635
669,366
1128,474
314,204
1387,642
888,976
1214,535
1052,660
557,251
942,484
474,295
348,190
733,512
1030,417
454,578
745,330
817,308
1237,664
555,805
547,262
1131,464
605,292
570,256
900,720
993,600
769,215
787,464
981,312
512,252
1288,761
749,277
978,324
736,844
1374,465
693,248
1021,373
934,359
1725,784
822,300
857,285
1884,964
1365,711
919,322
501,423
646,288
1150,554
564,284
599,1216
675,245
665,968
1430,648
720,316
580,234
1555,626
1127,514
1537,612
1193,525
618,285
1085,559
744,290
1500,503
1149,415
648,338
1238,579
1514,654
1138,571
985,339
1024,346
1047,394
416,775
1071,395
1283,501
601,562
710,959
734,520
521,225
1015,510
756,463
818,467
618,329
566,280
1233,478
1153,518
1242,433
932,437
1182,478
549,182
512,251
1106,487
1027,471
616,307
836,535
754,567
1264,463
796,250
1615,632
517,196
825,402
1239,737
759,338
1032,436
736,442
1030,390
1020,471
608,664
1211,581
636,219
691,263
437,176
772,233
651,326
713,351
816,334
859,487
1024,420
978,359
980,307
547,485
1218,623
435,743
717,579
838,231
1066,394
1064,469
640,313
703,400
522,705
1029,534
623,309
1468,650
1106,495
1122,534
1293,761
728,349
788,228
432,1003
1001,371
839,384
1417,602
916,436
796,286
795,296
536,295
1057,489
597,375
1478,675
1248,363
1084,553
858,314
1387,572
964,427
664,300
1320,476
1054,601
1224,653
444,902
1289,710
1183,562
588,336
719,395
744,406
550,221
612,323
1043,374
1219,520
920,478
1180,656
1690,561
1245,772
1458,689
1186,441
675,308
710,404
1002,319
682,228
741,245
1026,561
869,717
1380,548
756,572
792,899
392,867
1082,422
1017,364
1041,542
1219,667
494,811
1096,484
867,926
1122,390
957,563
1276,511
929,272
694,285
733,411
1277,689
679,1089
433,174
700,281
724,300
1162,497
718,451
1092,445
885,383
762,486
1526,593
719,351
713,406
469,251
711,973
613,216
877,251
2134,1064
918,330
999,327
999,435
729,268
1218,520
1414,582
1370,572
802,488
838,1037
1066,361
506,241
1209,543
944,361
494,910
899,918
875,355
1386,1124
824,237
542,1056
1149,410
793,392
1645,694
760,282
677,329
924,687
1113,605
1035,527
1454,585
495,258
1183,680
1207,466
592,394
506,1095
1567,666
1077,895
930,502
1247,520
408,149
912,524
383,241
1266,682
402,163
1421,683
1061,338
645,298
910,432
1351,632
985,565
1203,536
1388,490
1196,499
1233,585
972,321
1181,554
1064,387
394,194
593,322
1269,726
1031,497
1445,793
1445,659
524,884
1140,566
1393,657
1451,620
549,1140
604,803
1024,384
531,326
1473,515
1037,546
637,283
1844,787
870,286
594,285
901,294
1159,531
778,971
1265,698
512,893
950,523
1575,740
987,341
1472,653
1238,447
1362,650
1305,480
833,391
690,234
691,231
1375,561
1331,588
987,349
576,1165
1040,434
1017,401
1107,774
1009,452
1038,621
858,259
638,243
497,206
434,903
536,878
594,272
687,255
1183,543
589,275
572,318
522,211
1419,477
1385,551
963,443
639,297
726,367
1032,404
1207,681
1218,499
1171,496
1392,623
962,422
875,418
710,1109
1516,593
1414,571
1161,551
754,349
424,977
1150,388
677,444
1504,526
556,1161
1335,523
834,328
1107,534
1030,542
1226,568
1022,510
899,374
817,445
1068,392
1006,483
1366,664
1264,501
914,480
514,258
544,328
1532,608
805,410
1113,465
765,277
1441,570
627,320
1067,878
590,333
1190,538
820,398
407,211
1263,545
863,355
586,474
1362,719
667,305
1337,768
533,301
1469,665
575,202
1162,498
1372,616
1402,499
1324,587
571,363
1397,602
780,442
891,291
1120,459
984,383
1252,640
1054,412
550,267
504,1103
1053,347
1267,638
536,601
684,362
1278,658
392,869
357,177
1166,513
998,581
737,278
830,404
711,639
1088,368
1284,742
422,190
865,316
877,1166
1166,568
749,411
604,332
1464,706
983,478
1388,603
801,1014
1363,697
414,863
747,346
946,730
596,347
1002,436
1198,583
432,921
583,1182
1495,524
1126,625
915,826
1246,719
574,1190
1361,642
903,464
1102,419
824,292
954,365
1380,787
1226,616
566,242
1239,702
956,493
1343,568
987,486
625,846
1216,452
544,898
331,198
1144,590
1120,450
383,173
1370,690
848,331
831,359
1123,778
1286,518
1226,497
1317,612
683,330
1204,458
511,772
996,497
