img_path,categories_id
dtset1/73803_objt_bp_2020-12-02_08-35-43-66_003.JPG,3
dtset1/346644_objt_rs_2021-01-17_16-30-31-33_002.JPG,2
dtset1/74065_objt_bp_2020-12-02_08-47-18-66_003.JPG,3
dtset1/74013_objt_bp_2020-12-02_08-33-04-00_001.JPG,3
dtset1/346527_objt_rs_2021-01-17_16-26-45-33_002.JPG,2
dtset1/74053_objt_bp_2020-12-02_08-43-38-66_003.JPG,3
dtset1/72571_objt_bp_2020-12-02_08-10-42-00_001.JPG,3
dtset1/72631_objt_bp_2020-12-02_08-10-27-66_003.JPG,3
dtset1/73938_objt_bp_2020-12-02_08-38-41-00_001.JPG,3
dtset1/73746_objt_bp_2020-12-02_08-35-53-00_001.JPG,3
dtset1/73826_objt_bp_2020-12-02_08-33-22-33_002.JPG,3
dtset1/73159_objt_bp_2020-12-02_08-21-22-33_002.JPG,3
dtset1/346508_objt_rs_2021-01-17_16-32-51-00_001.JPG,2
dtset1/346084_objt_bp_2021-01-20_12-28-16-33_002.JPG,3
dtset1/442048_objt_of_2021-01-25_10-50-01-00_001.JPG,0
dtset1/635097_objt_bp_2021-02-08_09-29-29-33_002.JPG,3
dtset1/72661_objt_bp_2020-12-02_08-06-48-66_003.JPG,3
dtset1/72725_objt_bp_2020-12-02_08-18-01-00_001.JPG,3
dtset1/73817_objt_bp_2020-12-02_08-33-25-66_003.JPG,3
dtset1/73492_objt_bp_2020-12-02_08-32-07-33_002.JPG,3
dtset1/442027_objt_of_2021-01-25_10-46-30-00_001.JPG,0
dtset1/442141_objt_of_2021-01-25_11-08-25-66_003.JPG,0
dtset1/442078_objt_of_2021-01-25_10-50-41-00_001.JPG,0
dtset1/72584_objt_bp_2020-12-02_08-05-19-33_002.JPG,3
dtset1/73791_objt_bp_2020-12-02_08-35-01-66_003.JPG,3
dtset1/346002_objt_bp_2021-01-20_12-28-15-00_001.JPG,3
dtset1/73760_objt_bp_2020-12-02_08-34-14-66_003.JPG,3
dtset1/73775_objt_bp_2020-12-02_08-33-07-00_001.JPG,3
dtset1/346705_objt_rs_2021-01-17_16-31-02-66_003.JPG,2
dtset1/346559_objt_rs_2021-01-17_16-28-38-33_002.JPG,2
dtset1/73799_objt_bp_2020-12-02_08-39-41-33_002.JPG,3
dtset1/73043_objt_bp_2020-12-02_08-18-26-33_002.JPG,3
dtset1/72830_objt_bp_2020-12-02_08-20-47-33_002.JPG,3
dtset1/72729_objt_bp_2020-12-02_08-18-30-33_002.JPG,3
dtset1/72652_objt_bp_2020-12-02_08-10-29-00_001.JPG,3
dtset1/442176_objt_of_2021-01-25_11-08-13-66_003.JPG,0
dtset1/635085_objt_bp_2021-02-08_09-24-13-00_001.JPG,3
dtset1/346515_objt_rs_2021-01-17_16-30-36-66_003.JPG,2
dtset1/346608_objt_rs_2021-01-17_16-35-15-00_001.JPG,2
dtset1/73914_objt_bp_2020-12-02_08-39-45-66_003.JPG,3
dtset1/635094_objt_bp_2021-02-08_09-12-46-00_001.JPG,3
dtset1/72580_objt_bp_2020-12-02_08-02-10-66_003.JPG,3
dtset1/634850_objt_bp_2021-02-08_09-12-02-33_002.JPG,3
dtset1/442030_objt_of_2021-01-25_10-46-00-33_005.JPG,0
dtset1/442068_objt_of_2021-01-25_10-51-28-66_003.JPG,0
dtset1/635010_objt_bp_2021-02-08_09-26-20-66_003.JPG,3
dtset1/346580_objt_rs_2021-01-17_16-34-33-66_003.JPG,2
dtset1/346613_objt_rs_2021-01-17_16-34-22-66_003.JPG,2
dtset1/346017_objt_bp_2021-01-20_12-29-31-66_003.JPG,3
dtset1/346481_objt_rs_2021-01-17_16-30-36-33_002.JPG,2
dtset1/634913_objt_bp_2021-02-08_09-13-13-66_003.JPG,3
dtset1/634936_objt_bp_2021-02-08_09-15-04-00_001.JPG,3
dtset1/635105_objt_bp_2021-02-08_09-15-32-66_003.JPG,3
dtset1/73552_objt_bp_2020-12-02_08-30-59-33_002.JPG,3
dtset1/73772_objt_bp_2020-12-02_08-40-49-66_003.JPG,3
dtset1/442140_objt_of_2021-01-25_11-05-06-66_003.JPG,0
dtset1/346034_objt_bp_2021-01-20_12-29-42-00_001.JPG,3
dtset1/635024_objt_bp_2021-02-08_09-29-43-66_003.JPG,3
dtset1/635062_objt_bp_2021-02-08_09-13-56-33_002.JPG,3
dtset1/635007_objt_bp_2021-02-08_09-16-37-66_003.JPG,3
dtset1/73506_objt_bp_2020-12-02_08-30-44-00_001.JPG,3
dtset1/346462_objt_rs_2021-01-17_16-26-05-66_003.JPG,2
dtset1/73212_objt_bp_2020-12-02_08-17-33-66_003.JPG,3
dtset1/635066_objt_bp_2021-02-08_09-15-15-00_001.JPG,3
dtset1/73644_objt_bp_2020-12-02_08-31-21-33_002.JPG,3
dtset1/635069_objt_bp_2021-02-08_09-13-36-66_003.JPG,3
dtset1/442051_objt_of_2021-01-25_10-50-10-00_001.JPG,0
dtset1/73426_objt_bp_2020-12-02_08-25-20-33_002.JPG,3
dtset1/346582_objt_rs_2021-01-17_16-30-57-66_004.JPG,2
dtset1/73750_objt_bp_2020-12-02_08-41-26-33_002.JPG,3
dtset1/73108_objt_bp_2020-12-02_08-17-38-00_001.JPG,3
dtset1/73175_objt_bp_2020-12-02_08-17-15-00_001.JPG,3
dtset1/346642_objt_rs_2021-01-17_16-28-45-66_003.JPG,2
dtset1/73133_objt_bp_2020-12-02_08-17-15-33_002.JPG,3
dtset1/73142_objt_bp_2020-12-02_08-22-28-66_003.JPG,3
dtset1/634986_objt_bp_2021-02-08_09-24-01-33_002.JPG,3
dtset1/442005_objt_of_2021-01-25_10-46-13-33_002.JPG,0
dtset1/346664_objt_rs_2021-01-17_16-33-58-00_001.JPG,2
dtset1/346525_objt_rs_2021-01-17_16-28-42-00_001.JPG,2
dtset1/346648_objt_rs_2021-01-17_16-31-29-00_001.JPG,2
dtset1/72860_objt_bp_2020-12-02_08-23-05-00_001.JPG,3
dtset1/634957_objt_bp_2021-02-08_09-28-06-33_002.JPG,3
dtset1/346684_objt_rs_2021-01-17_16-27-52-00_002.JPG,2
dtset1/73267_objt_bp_2020-12-02_08-16-56-66_003.JPG,3
dtset1/72712_objt_bp_2020-12-02_08-15-09-00_001.JPG,3
dtset1/73213_objt_bp_2020-12-02_08-23-05-66_003.JPG,3
dtset1/635005_objt_bp_2021-02-08_09-14-43-00_001.JPG,3
dtset1/346657_objt_rs_2021-01-17_16-35-07-33_002.JPG,2
dtset1/634900_objt_bp_2021-02-08_09-30-34-00_001.JPG,3
dtset1/73990_objt_bp_2020-12-02_08-33-52-66_003.JPG,3
dtset1/73865_objt_bp_2020-12-02_08-33-26-00_001.JPG,3
dtset1/73822_objt_bp_2020-12-02_08-40-57-00_001.JPG,3
dtset1/346612_objt_rs_2021-01-17_16-31-18-00_001.JPG,2
dtset1/346549_objt_rs_2021-01-17_16-27-17-33_002.JPG,2
dtset1/73200_objt_bp_2020-12-02_08-22-51-66_003.JPG,3
dtset1/73220_objt_bp_2020-12-02_08-22-37-00_001.JPG,3
dtset1/73809_objt_bp_2020-12-02_08-36-34-00_001.JPG,3
dtset1/72822_objt_bp_2020-12-02_08-17-38-33_002.JPG,3
dtset1/346694_objt_rs_2021-01-17_16-34-29-33_002.JPG,2
dtset1/442180_objt_of_2021-01-25_11-11-57-33_002.JPG,0
dtset1/73763_objt_bp_2020-12-02_08-34-32-66_003.JPG,3
dtset1/346618_objt_rs_2021-01-17_16-34-32-00_001.JPG,2
dtset1/72624_objt_bp_2020-12-02_08-08-08-00_001.JPG,3
dtset1/635056_objt_bp_2021-02-08_09-13-57-00_001.JPG,3
dtset1/73432_objt_bp_2020-12-02_08-28-38-00_001.JPG,3
dtset1/72831_objt_bp_2020-12-02_08-18-18-33_002.JPG,3
dtset1/73638_objt_bp_2020-12-02_08-32-21-00_001.JPG,3
dtset1/73248_objt_bp_2020-12-02_08-17-56-00_001.JPG,3
dtset1/73458_objt_bp_2020-12-02_08-25-20-66_003.JPG,3
dtset1/346620_objt_rs_2021-01-17_16-33-07-33_002.JPG,2
dtset1/346461_objt_rs_2021-01-17_16-30-56-00_001.JPG,2
dtset1/635111_objt_bp_2021-02-08_09-27-04-66_003.JPG,3
dtset1/346067_objt_bp_2021-01-20_12-28-16-66_003.JPG,3
dtset1/634930_objt_bp_2021-02-08_09-14-10-33_002.JPG,3
dtset1/635050_objt_bp_2021-02-08_09-27-43-66_003.JPG,3
dtset1/346035_objt_bp_2021-01-20_12-22-49-33_002.JPG,3
dtset1/73216_objt_bp_2020-12-02_08-20-48-00_001.JPG,3
dtset1/73410_objt_bp_2020-12-02_08-29-05-00_001.JPG,3
dtset1/72845_objt_bp_2020-12-02_08-20-23-66_003.JPG,3
dtset1/73558_objt_bp_2020-12-02_08-28-37-66_003.JPG,3
dtset1/73235_objt_bp_2020-12-02_08-20-47-33_002.JPG,3
dtset1/73081_objt_bp_2020-12-02_08-21-36-00_001.JPG,3
dtset1/346495_objt_rs_2021-01-17_16-28-42-66_003.JPG,2
dtset1/72804_objt_bp_2020-12-02_08-21-07-33_002.JPG,3
dtset1/634949_objt_bp_2021-02-08_09-14-48-33_002.JPG,3
dtset1/73474_objt_bp_2020-12-02_08-33-33-00_001.JPG,3
dtset1/73197_objt_bp_2020-12-02_08-21-36-33_002.JPG,3
dtset1/73904_objt_bp_2020-12-02_08-42-52-33_002.JPG,3
dtset1/72620_objt_bp_2020-12-02_08-10-36-00_001.JPG,3
dtset1/346078_objt_bp_2021-01-20_12-21-03-33_002.JPG,3
dtset1/74054_objt_bp_2020-12-02_08-34-40-33_002.JPG,3
dtset1/346543_objt_rs_2021-01-17_16-24-51-33_002.JPG,2
dtset1/634932_objt_bp_2021-02-08_09-24-25-66_003.JPG,3
dtset1/346680_objt_rs_2021-01-17_16-34-06-66_003.JPG,2
dtset1/634890_objt_bp_2021-02-08_09-13-06-66_003.JPG,3
dtset1/442146_objt_of_2021-01-25_11-06-38-66_003.JPG,0
dtset1/634961_objt_bp_2021-02-08_09-27-30-33_002.JPG,3
dtset1/442082_objt_of_2021-01-25_10-55-15-66_003.JPG,0
dtset1/442128_objt_of_2021-01-25_11-03-35-33_002.JPG,0
dtset1/73028_objt_bp_2020-12-02_08-21-11-66_003.JPG,3
dtset1/72602_objt_bp_2020-12-02_08-03-48-00_001.JPG,3
dtset1/73631_objt_bp_2020-12-02_08-27-48-00_001.JPG,3
dtset1/73063_objt_bp_2020-12-02_08-22-52-66_003.JPG,3
dtset1/73285_objt_bp_2020-12-02_08-16-55-00_001.JPG,3
dtset1/73169_objt_bp_2020-12-02_08-17-04-00_001.JPG,3
dtset1/346593_objt_rs_2021-01-17_16-29-16-66_003.JPG,2
dtset1/346086_objt_bp_2021-01-20_12-22-02-66_003.JPG,3
dtset1/73821_objt_bp_2020-12-02_08-34-47-33_002.JPG,3
dtset1/346574_objt_rs_2021-01-17_16-30-56-33_002.JPG,2
dtset1/73167_objt_bp_2020-12-02_08-22-28-33_002.JPG,3
dtset1/442094_objt_of_2021-01-25_11-00-23-33_002.JPG,0
dtset1/72827_objt_bp_2020-12-02_08-16-21-33_002.JPG,3
dtset1/346039_objt_bp_2021-01-20_12-21-02-33_002.JPG,3
dtset1/635088_objt_bp_2021-02-08_09-27-01-33_002.JPG,3
dtset1/346686_objt_rs_2021-01-17_16-33-06-00_001.JPG,2
dtset1/635052_objt_bp_2021-02-08_09-14-53-66_003.JPG,3
dtset1/72618_objt_bp_2020-12-02_08-03-53-66_003.JPG,3
dtset1/634934_objt_bp_2021-02-08_09-16-08-66_003.JPG,3
dtset1/74006_objt_bp_2020-12-02_08-43-44-00_001.JPG,3
dtset1/73418_objt_bp_2020-12-02_08-27-20-66_003.JPG,3
dtset1/635023_objt_bp_2021-02-08_09-27-16-33_002.JPG,3
dtset1/346494_objt_rs_2021-01-17_16-27-49-33_002.JPG,2
dtset1/442112_objt_of_2021-01-25_11-00-23-66_003.JPG,0
dtset1/72710_objt_bp_2020-12-02_08-17-15-00_001.JPG,3
dtset1/72606_objt_bp_2020-12-02_08-05-17-66_003.JPG,3
dtset1/74031_objt_bp_2020-12-02_08-40-09-33_002.JPG,3
dtset1/442062_objt_of_2021-01-25_10-50-20-66_003.JPG,0
dtset1/635075_objt_bp_2021-02-08_09-12-29-00_001.JPG,3
dtset1/442127_objt_of_2021-01-25_11-03-33-33_002.JPG,0
dtset1/73976_objt_bp_2020-12-02_08-47-00-33_005.JPG,3
dtset1/441996_objt_of_2021-01-25_10-47-29-33_002.JPG,0
dtset1/346600_objt_rs_2021-01-17_16-27-56-00_001.JPG,2
dtset1/73424_objt_bp_2020-12-02_08-29-52-66_003.JPG,3
dtset1/73245_objt_bp_2020-12-02_08-18-52-66_003.JPG,3
dtset1/73588_objt_bp_2020-12-02_08-33-34-33_002.JPG,3
dtset1/73188_objt_bp_2020-12-02_08-16-09-00_001.JPG,3
dtset1/441997_objt_of_2021-01-25_10-48-53-00_001.JPG,0
dtset1/72726_objt_bp_2020-12-02_08-19-41-00_001.JPG,3
dtset1/635003_objt_bp_2021-02-08_09-14-54-00_001.JPG,3
dtset1/635018_objt_bp_2021-02-08_09-14-42-66_003.JPG,3
dtset1/73966_objt_bp_2020-12-02_08-41-52-33_002.JPG,3
dtset1/442087_objt_of_2021-01-25_11-01-34-00_001.JPG,0
dtset1/634979_objt_bp_2021-02-08_09-16-45-66_003.JPG,3
dtset1/73528_objt_bp_2020-12-02_08-30-57-00_001.JPG,3
dtset1/442159_objt_of_2021-01-25_11-10-59-33_002.JPG,0
dtset1/73114_objt_bp_2020-12-02_08-22-51-33_002.JPG,3
dtset1/442053_objt_of_2021-01-25_10-52-02-00_001.JPG,0
dtset1/73284_objt_bp_2020-12-02_08-20-46-66_003.JPG,3
dtset1/346547_objt_rs_2021-01-17_16-27-14-33_002.JPG,2
dtset1/73189_objt_bp_2020-12-02_08-17-54-00_001.JPG,3
dtset1/346533_objt_rs_2021-01-17_16-25-27-66_003.JPG,2
dtset1/634966_objt_bp_2021-02-08_09-24-12-33_002.JPG,3
dtset1/73544_objt_bp_2020-12-02_08-32-12-33_002.JPG,3
dtset1/73636_objt_bp_2020-12-02_08-29-06-66_003.JPG,3
dtset1/346532_objt_rs_2021-01-17_16-30-37-33_002.JPG,2
dtset1/73316_objt_bp_2020-12-02_08-20-26-33_002.JPG,3
dtset1/73448_objt_bp_2020-12-02_08-29-59-66_003.JPG,3
dtset1/346645_objt_rs_2021-01-17_16-34-12-66_003.JPG,2
dtset1/635053_objt_bp_2021-02-08_09-17-15-00_001.JPG,3
dtset1/346043_objt_bp_2021-01-20_12-21-01-00_002.JPG,3
dtset1/442034_objt_of_2021-01-25_10-52-06-33_002.JPG,0
dtset1/73192_objt_bp_2020-12-02_08-20-46-00_001.JPG,3
dtset1/346573_objt_rs_2021-01-17_16-30-41-33_002.JPG,2
dtset1/73919_objt_bp_2020-12-02_08-39-41-66_003.JPG,3
dtset1/442191_objt_of_2021-01-25_11-07-30-00_001.JPG,0
dtset1/346701_objt_rs_2021-01-17_16-34-32-33_002.JPG,2
dtset1/73526_objt_bp_2020-12-02_08-32-14-66_003.JPG,3
dtset1/635017_objt_bp_2021-02-08_09-12-59-66_003.JPG,3
dtset1/73578_objt_bp_2020-12-02_08-29-55-00_001.JPG,3
dtset1/72743_objt_bp_2020-12-02_08-18-06-66_003.JPG,3
dtset1/346082_objt_bp_2021-01-20_12-29-42-33_002.JPG,3
dtset1/346512_objt_rs_2021-01-17_16-31-23-33_002.JPG,2
dtset1/72818_objt_bp_2020-12-02_08-17-43-33_002.JPG,3
dtset1/634897_objt_bp_2021-02-08_09-16-43-33_002.JPG,3
dtset1/346683_objt_rs_2021-01-17_16-35-31-33_002.JPG,2
dtset1/346022_objt_bp_2021-01-20_12-28-02-66_003.JPG,3
dtset1/73806_objt_bp_2020-12-02_08-34-44-00_001.JPG,3
dtset1/73149_objt_bp_2020-12-02_08-16-54-66_003.JPG,3
dtset1/346003_objt_bp_2021-01-20_12-28-17-00_001.JPG,3
dtset1/442149_objt_of_2021-01-25_11-11-43-00_001.JPG,0
dtset1/72857_objt_bp_2020-12-02_08-18-18-66_003.JPG,3
dtset1/73816_objt_bp_2020-12-02_08-33-27-00_001.JPG,3
dtset1/442008_objt_of_2021-01-25_10-46-35-33_002.JPG,0
dtset1/634907_objt_bp_2021-02-08_09-12-10-33_003.JPG,3
dtset1/635042_objt_bp_2021-02-08_09-14-09-66_003.JPG,3
dtset1/74016_objt_bp_2020-12-02_08-38-53-00_001.JPG,3
dtset1/346522_objt_rs_2021-01-17_16-29-46-66_003.JPG,2
dtset1/442100_objt_of_2021-01-25_11-02-15-33_002.JPG,0
dtset1/72605_objt_bp_2020-12-02_08-04-25-33_002.JPG,3
dtset1/346060_objt_bp_2021-01-20_12-25-23-33_002.JPG,3
dtset1/346036_objt_bp_2021-01-20_12-22-50-33_002.JPG,3
dtset1/346557_objt_rs_2021-01-17_16-28-53-33_002.JPG,2
dtset1/346632_objt_rs_2021-01-17_16-27-07-66_003.JPG,2
dtset1/73198_objt_bp_2020-12-02_08-17-10-00_001.JPG,3
dtset1/73748_objt_bp_2020-12-02_08-35-12-66_003.JPG,3
dtset1/73405_objt_bp_2020-12-02_08-27-16-00_001.JPG,3
dtset1/442174_objt_of_2021-01-25_11-10-19-66_003.JPG,0
dtset1/73209_objt_bp_2020-12-02_08-19-50-00_001.JPG,3
dtset1/73037_objt_bp_2020-12-02_08-17-34-66_003.JPG,3
dtset1/634997_objt_bp_2021-02-08_09-14-32-00_001.JPG,3
dtset1/346498_objt_rs_2021-01-17_16-28-39-00_001.JPG,2
dtset1/442136_objt_of_2021-01-25_11-10-59-66_003.JPG,0
dtset1/634866_objt_bp_2021-02-08_09-13-31-33_003.JPG,3
dtset1/73863_objt_bp_2020-12-02_08-45-45-33_002.JPG,3
dtset1/73866_objt_bp_2020-12-02_08-43-57-33_002.JPG,3
dtset1/346654_objt_rs_2021-01-17_16-31-29-33_002.JPG,2
dtset1/442084_objt_of_2021-01-25_10-55-29-00_001.JPG,0
dtset1/346690_objt_rs_2021-01-17_16-30-44-66_004.JPG,2
dtset1/346689_objt_rs_2021-01-17_16-28-25-00_001.JPG,2
dtset1/635080_objt_bp_2021-02-08_09-16-09-00_001.JPG,3
dtset1/73091_objt_bp_2020-12-02_08-20-09-33_002.JPG,3
dtset1/73059_objt_bp_2020-12-02_08-22-50-66_003.JPG,3
dtset1/346551_objt_rs_2021-01-17_16-30-43-66_003.JPG,2
dtset1/442080_objt_of_2021-01-25_10-55-10-00_001.JPG,0
dtset1/634945_objt_bp_2021-02-08_09-13-12-33_002.JPG,3
dtset1/635077_objt_bp_2021-02-08_09-25-42-66_003.JPG,3
dtset1/72714_objt_bp_2020-12-02_08-18-29-66_003.JPG,3
dtset1/346597_objt_rs_2021-01-17_16-32-08-00_001.JPG,2
dtset1/635011_objt_bp_2021-02-08_09-13-07-00_001.JPG,3
dtset1/442117_objt_of_2021-01-25_11-03-26-33_002.JPG,0
dtset1/73420_objt_bp_2020-12-02_08-33-33-66_003.JPG,3
dtset1/73053_objt_bp_2020-12-02_08-18-27-00_001.JPG,3
dtset1/442067_objt_of_2021-01-25_10-50-51-33_002.JPG,0
dtset1/346469_objt_rs_2021-01-17_16-26-37-00_001.JPG,2
dtset1/73580_objt_bp_2020-12-02_08-27-46-66_003.JPG,3
dtset1/634912_objt_bp_2021-02-08_09-28-46-00_001.JPG,3
dtset1/442187_objt_of_2021-01-25_11-10-03-33_002.JPG,0
dtset1/73871_objt_bp_2020-12-02_08-40-27-33_002.JPG,3
dtset1/72800_objt_bp_2020-12-02_08-22-01-00_001.JPG,3
dtset1/73201_objt_bp_2020-12-02_08-20-47-66_003.JPG,3
dtset1/74080_objt_bp_2020-12-02_08-38-26-33_002.JPG,3
dtset1/346066_objt_bp_2021-01-20_12-28-15-66_003.JPG,3
dtset1/634965_objt_bp_2021-02-08_09-13-26-00_002.JPG,3
dtset1/73138_objt_bp_2020-12-02_08-18-55-00_001.JPG,3
dtset1/346616_objt_rs_2021-01-17_16-33-06-33_002.JPG,2
dtset1/73824_objt_bp_2020-12-02_08-39-16-00_001.JPG,3
dtset1/442090_objt_of_2021-01-25_11-02-20-33_002.JPG,0
dtset1/442036_objt_of_2021-01-25_10-47-25-00_001.JPG,0
dtset1/634971_objt_bp_2021-02-08_09-13-24-33_002.JPG,3
dtset1/346019_objt_bp_2021-01-20_12-21-01-66_003.JPG,3
dtset1/441999_objt_of_2021-01-25_10-48-59-00_001.JPG,0
dtset1/634937_objt_bp_2021-02-08_09-15-46-33_002.JPG,3
dtset1/635013_objt_bp_2021-02-08_09-25-21-33_002.JPG,3
dtset1/442063_objt_of_2021-01-25_10-50-33-66_003.JPG,0
dtset1/346467_objt_rs_2021-01-17_16-28-04-00_001.JPG,2
dtset1/73853_objt_bp_2020-12-02_08-34-52-00_001.JPG,3
dtset1/346698_objt_rs_2021-01-17_16-34-25-33_002.JPG,2
dtset1/346584_objt_rs_2021-01-17_16-28-25-66_003.JPG,2
dtset1/73173_objt_bp_2020-12-02_08-16-40-33_002.JPG,3
dtset1/73225_objt_bp_2020-12-02_08-18-58-00_001.JPG,3
dtset1/442145_objt_of_2021-01-25_11-12-05-33_002.JPG,0
dtset1/72586_objt_bp_2020-12-02_08-02-39-66_003.JPG,3
dtset1/72635_objt_bp_2020-12-02_08-03-53-33_002.JPG,3
dtset1/634976_objt_bp_2021-02-08_09-24-19-00_001.JPG,3
dtset1/73784_objt_bp_2020-12-02_08-39-14-33_002.JPG,3
dtset1/73793_objt_bp_2020-12-02_08-38-27-66_003.JPG,3
dtset1/73810_objt_bp_2020-12-02_08-40-00-33_005.JPG,3
dtset1/442147_objt_of_2021-01-25_11-05-33-00_001.JPG,0
dtset2/72798_objt_bp_2020-12-02_08-24-29-00_001.JPG,3
dtset2/73044_objt_bp_2020-12-02_08-21-05-33_002.JPG,3
dtset2/72634_objt_bp_2020-12-02_08-02-46-66_003.JPG,3
dtset2/72637_objt_bp_2020-12-02_08-02-41-66_003.JPG,3
dtset2/72639_objt_bp_2020-12-02_08-06-19-66_003.JPG,3
dtset2/73922_objt_bp_2020-12-02_08-40-52-00_001.JPG,3
dtset2/72749_objt_bp_2020-12-02_08-16-29-66_003.JPG,3
dtset2/73856_objt_bp_2020-12-02_08-33-22-00_001.JPG,3
dtset2/73236_objt_bp_2020-12-02_08-18-18-33_002.JPG,3
dtset2/73632_objt_bp_2020-12-02_08-29-27-00_001.JPG,3
dtset2/73271_objt_bp_2020-12-02_08-16-55-33_002.JPG,3
dtset2/72748_objt_bp_2020-12-02_08-19-04-33_002.JPG,3
dtset2/72859_objt_bp_2020-12-02_08-21-24-00_001.JPG,3
dtset2/73805_objt_bp_2020-12-02_08-35-32-66_003.JPG,3
dtset2/73219_objt_bp_2020-12-02_08-17-37-66_003.JPG,3
dtset2/73287_objt_bp_2020-12-02_08-16-23-66_003.JPG,3
dtset2/73456_objt_bp_2020-12-02_08-29-14-00_001.JPG,3
dtset2/72588_objt_bp_2020-12-02_08-04-25-66_003.JPG,3
dtset2/73031_objt_bp_2020-12-02_08-24-29-00_001.JPG,3
dtset2/72670_objt_bp_2020-12-02_08-08-45-66_003.JPG,3
dtset2/73315_objt_bp_2020-12-02_08-18-18-66_003.JPG,3
dtset2/73996_objt_bp_2020-12-02_08-43-58-33_002.JPG,3
dtset2/73140_objt_bp_2020-12-02_08-21-13-00_001.JPG,3
dtset2/73943_objt_bp_2020-12-02_08-42-41-00_001.JPG,3
dtset2/74067_objt_bp_2020-12-02_08-42-04-66_003.JPG,3
dtset2/73761_objt_bp_2020-12-02_08-36-33-00_001.JPG,3
dtset2/73570_objt_bp_2020-12-02_08-25-40-33_002.JPG,3
dtset2/73178_objt_bp_2020-12-02_08-21-23-66_003.JPG,3
dtset2/72723_objt_bp_2020-12-02_08-19-05-66_003.JPG,3
dtset2/73434_objt_bp_2020-12-02_08-28-56-00_001.JPG,3
dtset2/73401_objt_bp_2020-12-02_08-32-28-00_001.JPG,3
dtset2/72569_objt_bp_2020-12-02_08-04-00-66_006.JPG,3
dtset2/72716_objt_bp_2020-12-02_08-19-15-00_001.JPG,3
dtset2/73807_objt_bp_2020-12-02_08-39-42-66_003.JPG,3
dtset2/73051_objt_bp_2020-12-02_08-18-18-00_001.JPG,3
dtset2/72613_objt_bp_2020-12-02_08-10-31-00_001.JPG,3
dtset2/73299_objt_bp_2020-12-02_08-16-47-33_002.JPG,3
dtset2/72636_objt_bp_2020-12-02_08-02-02-33_002.JPG,3
dtset2/74034_objt_bp_2020-12-02_08-40-10-33_002.JPG,3
dtset2/73132_objt_bp_2020-12-02_08-16-47-00_001.JPG,3
dtset2/73883_objt_bp_2020-12-02_08-38-43-66_003.JPG,3
dtset2/73628_objt_bp_2020-12-02_08-33-34-00_001.JPG,3
dtset2/72647_objt_bp_2020-12-02_08-10-45-66_003.JPG,3
dtset2/73869_objt_bp_2020-12-02_08-47-26-33_002.JPG,3
dtset2/73415_objt_bp_2020-12-02_08-33-31-66_003.JPG,3
dtset2/73907_objt_bp_2020-12-02_08-42-56-33_002.JPG,3
dtset2/73765_objt_bp_2020-12-02_08-39-40-66_003.JPG,3
dtset2/73956_objt_bp_2020-12-02_08-41-06-00_001.JPG,3
dtset2/73780_objt_bp_2020-12-02_08-35-34-33_002.JPG,3
dtset2/73185_objt_bp_2020-12-02_08-24-24-33_002.JPG,3
dtset2/73030_objt_bp_2020-12-02_08-23-04-66_003.JPG,3
dtset2/72812_objt_bp_2020-12-02_08-23-27-33_002.JPG,3
dtset2/73737_objt_bp_2020-12-02_08-35-11-33_002.JPG,3
dtset2/73230_objt_bp_2020-12-02_08-17-17-00_001.JPG,3
dtset2/73792_objt_bp_2020-12-02_08-36-21-33_002.JPG,3
dtset2/72841_objt_bp_2020-12-02_08-17-04-33_002.JPG,3
dtset2/73833_objt_bp_2020-12-02_08-45-44-66_003.JPG,3
dtset2/74007_objt_bp_2020-12-02_08-36-21-00_001.JPG,3
dtset2/73438_objt_bp_2020-12-02_08-29-30-33_002.JPG,3
dtset2/73179_objt_bp_2020-12-02_08-16-21-33_002.JPG,3
dtset2/73969_objt_bp_2020-12-02_08-42-04-33_002.JPG,3
dtset2/72601_objt_bp_2020-12-02_08-04-43-33_002.JPG,3
dtset2/73300_objt_bp_2020-12-02_08-19-45-00_001.JPG,3
dtset2/72854_objt_bp_2020-12-02_08-16-40-66_003.JPG,3
dtset2/73892_objt_bp_2020-12-02_08-43-24-66_003.JPG,3
dtset2/73646_objt_bp_2020-12-02_08-28-56-33_002.JPG,3
dtset2/73496_objt_bp_2020-12-02_08-33-27-66_003.JPG,3
dtset2/73240_objt_bp_2020-12-02_08-22-36-33_002.JPG,3
dtset2/73647_objt_bp_2020-12-02_08-27-02-33_002.JPG,3
dtset2/73789_objt_bp_2020-12-02_08-34-47-66_003.JPG,3
dtset2/72568_objt_bp_2020-12-02_08-03-47-66_003.JPG,3
dtset2/72561_objt_bp_2020-12-02_08-06-20-00_001.JPG,3
dtset2/73257_objt_bp_2020-12-02_08-20-23-66_003.JPG,3
dtset2/74069_objt_bp_2020-12-02_08-40-06-00_001.JPG,3
dtset2/72585_objt_bp_2020-12-02_08-08-31-00_001.JPG,3
dtset2/72838_objt_bp_2020-12-02_08-22-51-33_002.JPG,3
dtset2/72816_objt_bp_2020-12-02_08-18-26-66_003.JPG,3
dtset2/72809_objt_bp_2020-12-02_08-21-24-33_002.JPG,3
dtset2/73959_objt_bp_2020-12-02_08-40-32-33_002.JPG,3
dtset2/74001_objt_bp_2020-12-02_08-33-07-33_002.JPG,3
dtset2/73951_objt_bp_2020-12-02_08-43-24-33_002.JPG,3
dtset2/73752_objt_bp_2020-12-02_08-34-16-00_001.JPG,3
dtset2/73612_objt_bp_2020-12-02_08-32-20-33_002.JPG,3
dtset2/73766_objt_bp_2020-12-02_08-34-11-33_002.JPG,3
dtset2/74051_objt_bp_2020-12-02_08-35-35-00_001.JPG,3
dtset2/73041_objt_bp_2020-12-02_08-21-07-33_002.JPG,3
dtset2/74089_objt_bp_2020-12-02_08-35-24-33_002.JPG,3
dtset2/73118_objt_bp_2020-12-02_08-17-11-33_002.JPG,3
dtset2/72649_objt_bp_2020-12-02_08-03-36-00_001.JPG,3
dtset2/73618_objt_bp_2020-12-02_08-28-48-66_003.JPG,3
dtset2/72802_objt_bp_2020-12-02_08-21-35-66_003.JPG,3
dtset2/72810_objt_bp_2020-12-02_08-18-18-00_001.JPG,3
dtset2/72607_objt_bp_2020-12-02_08-05-19-66_003.JPG,3
dtset2/73510_objt_bp_2020-12-02_08-25-14-33_002.JPG,3
dtset2/73795_objt_bp_2020-12-02_08-39-11-00_001.JPG,3
dtset2/73083_objt_bp_2020-12-02_08-16-49-66_003.JPG,3
dtset2/72589_objt_bp_2020-12-02_08-10-30-66_003.JPG,3
dtset2/72638_objt_bp_2020-12-02_08-02-43-66_003.JPG,3
dtset2/73150_objt_bp_2020-12-02_08-17-16-66_003.JPG,3
dtset2/73634_objt_bp_2020-12-02_08-25-51-66_003.JPG,3
dtset2/72645_objt_bp_2020-12-02_08-02-59-66_003.JPG,3
dtset2/72668_objt_bp_2020-12-02_08-04-09-00_001.JPG,3
dtset2/73498_objt_bp_2020-12-02_08-32-12-00_001.JPG,3
dtset2/73151_objt_bp_2020-12-02_08-18-08-33_002.JPG,3
dtset2/72660_objt_bp_2020-12-02_08-03-54-00_001.JPG,3
dtset2/73848_objt_bp_2020-12-02_08-42-57-00_001.JPG,3
dtset2/72611_objt_bp_2020-12-02_08-03-14-33_002.JPG,3
dtset2/73842_objt_bp_2020-12-02_08-40-35-66_003.JPG,3
dtset2/72608_objt_bp_2020-12-02_08-10-30-00_001.JPG,3
dtset2/73641_objt_bp_2020-12-02_08-31-03-33_002.JPG,3
dtset2/73252_objt_bp_2020-12-02_08-20-18-00_001.JPG,3
dtset2/73885_objt_bp_2020-12-02_08-40-56-00_001.JPG,3
dtset2/73274_objt_bp_2020-12-02_08-17-15-66_003.JPG,3
dtset2/73839_objt_bp_2020-12-02_08-40-29-33_002.JPG,3
dtset2/73960_objt_bp_2020-12-02_08-39-06-33_002.JPG,3
dtset2/73147_objt_bp_2020-12-02_08-17-43-00_001.JPG,3
dtset2/73625_objt_bp_2020-12-02_08-26-14-33_002.JPG,3
dtset2/73295_objt_bp_2020-12-02_08-17-36-00_001.JPG,3
dtset2/72650_objt_bp_2020-12-02_08-04-00-33_005.JPG,3
dtset2/73411_objt_bp_2020-12-02_08-32-29-33_002.JPG,3
dtset2/72565_objt_bp_2020-12-02_08-05-37-66_003.JPG,3
dtset2/74062_objt_bp_2020-12-02_08-39-56-33_002.JPG,3
dtset2/73177_objt_bp_2020-12-02_08-17-57-33_002.JPG,3
dtset2/73202_objt_bp_2020-12-02_08-21-22-00_001.JPG,3
dtset2/73788_objt_bp_2020-12-02_08-41-38-00_001.JPG,3
dtset2/73813_objt_bp_2020-12-02_08-39-47-66_003.JPG,3
dtset2/73825_objt_bp_2020-12-02_08-45-40-66_003.JPG,3
dtset2/73620_objt_bp_2020-12-02_08-27-04-00_001.JPG,3
dtset2/73614_objt_bp_2020-12-02_08-32-02-33_002.JPG,3
dtset2/73739_objt_bp_2020-12-02_08-34-51-00_001.JPG,3
dtset2/73536_objt_bp_2020-12-02_08-26-49-66_003.JPG,3
dtset2/73398_objt_bp_2020-12-02_08-30-43-66_003.JPG,3
dtset2/74098_objt_bp_2020-12-02_08-39-21-33_002.JPG,3
dtset2/73098_objt_bp_2020-12-02_08-20-46-33_002.JPG,3
dtset2/73446_objt_bp_2020-12-02_08-28-34-00_001.JPG,3
dtset2/73882_objt_bp_2020-12-02_08-43-54-00_001.JPG,3
dtset2/73244_objt_bp_2020-12-02_08-17-07-66_003.JPG,3
dtset2/73217_objt_bp_2020-12-02_08-16-24-00_001.JPG,3
dtset2/72582_objt_bp_2020-12-02_08-05-17-33_002.JPG,3
dtset2/73137_objt_bp_2020-12-02_08-20-45-66_003.JPG,3
dtset2/73264_objt_bp_2020-12-02_08-17-08-00_001.JPG,3
dtset2/73738_objt_bp_2020-12-02_08-40-32-66_003.JPG,3
dtset2/72833_objt_bp_2020-12-02_08-17-42-66_003.JPG,3
dtset2/73967_objt_bp_2020-12-02_08-34-20-00_001.JPG,3
dtset2/73808_objt_bp_2020-12-02_08-34-08-00_001.JPG,3
dtset2/73973_objt_bp_2020-12-02_08-43-43-33_002.JPG,3
dtset2/73572_objt_bp_2020-12-02_08-26-42-00_001.JPG,3
dtset2/73154_objt_bp_2020-12-02_08-17-14-66_003.JPG,3
dtset2/73753_objt_bp_2020-12-02_08-40-00-66_006.JPG,3
dtset2/73165_objt_bp_2020-12-02_08-17-05-33_002.JPG,3
dtset2/73970_objt_bp_2020-12-02_08-39-43-00_001.JPG,3
dtset2/72796_objt_bp_2020-12-02_08-22-04-33_002.JPG,3
dtset2/72817_objt_bp_2020-12-02_08-16-23-66_003.JPG,3
dtset4/73941_objt_bp_2020-12-02_08-39-23-66_003.JPG,3
dtset4/73522_objt_bp_2020-12-02_08-29-26-66_003.JPG,3
dtset4/73935_objt_bp_2020-12-02_08-44-31-00_001.JPG,3
dtset4/74133_objt_bp_2020-12-02_08-43-25-00_001.JPG,3
dtset4/74123_objt_bp_2020-12-02_08-41-05-00_001.JPG,3
dtset4/73065_objt_bp_2020-12-02_08-24-06-66_003.JPG,3
dtset4/73877_objt_bp_2020-12-02_08-35-13-00_001.JPG,3
dtset4/72633_objt_bp_2020-12-02_08-05-20-33_002.JPG,3
dtset4/73787_objt_bp_2020-12-02_08-38-51-00_001.JPG,3
dtset4/74149_objt_bp_2020-12-02_08-47-01-66_003.JPG,3
dtset4/73146_objt_bp_2020-12-02_08-17-07-00_001.JPG,3
dtset4/72597_objt_bp_2020-12-02_08-05-25-00_001.JPG,3
dtset4/73811_objt_bp_2020-12-02_08-34-34-66_003.JPG,3
dtset4/73172_objt_bp_2020-12-02_08-18-08-66_003.JPG,3
dtset4/73286_objt_bp_2020-12-02_08-19-49-66_003.JPG,3
dtset4/73742_objt_bp_2020-12-02_08-35-12-00_001.JPG,3
dtset4/73423_objt_bp_2020-12-02_08-29-31-00_001.JPG,3
dtset4/74076_objt_bp_2020-12-02_08-36-19-00_001.JPG,3
dtset4/73891_objt_bp_2020-12-02_08-40-30-00_001.JPG,3
dtset4/73290_objt_bp_2020-12-02_08-24-28-66_003.JPG,3
dtset4/74047_objt_bp_2020-12-02_08-41-03-33_002.JPG,3
dtset4/73993_objt_bp_2020-12-02_08-41-06-00_001.JPG,3
dtset4/74073_objt_bp_2020-12-02_08-47-16-66_003.JPG,3
dtset4/73778_objt_bp_2020-12-02_08-39-49-00_001.JPG,3
dtset4/73747_objt_bp_2020-12-02_08-38-04-33_002.JPG,3
dtset4/73945_objt_bp_2020-12-02_08-42-45-00_001.JPG,3
dtset4/74020_objt_bp_2020-12-02_08-45-45-00_001.JPG,3
dtset4/74116_objt_bp_2020-12-02_08-39-48-33_002.JPG,3
dtset4/72824_objt_bp_2020-12-02_08-16-23-33_002.JPG,3
dtset4/73911_objt_bp_2020-12-02_08-43-59-00_001.JPG,3
dtset4/73305_objt_bp_2020-12-02_08-16-08-00_001.JPG,3
dtset4/72843_objt_bp_2020-12-02_08-21-06-33_002.JPG,3
dtset4/74096_objt_bp_2020-12-02_08-39-04-33_002.JPG,3
dtset4/73403_objt_bp_2020-12-02_08-28-54-66_003.JPG,3
dtset4/72745_objt_bp_2020-12-02_08-17-33-33_002.JPG,3
dtset4/73830_objt_bp_2020-12-02_08-42-52-00_001.JPG,3
dtset4/73073_objt_bp_2020-12-02_08-20-23-33_002.JPG,3
dtset4/73476_objt_bp_2020-12-02_08-33-30-66_003.JPG,3
dtset4/74134_objt_bp_2020-12-02_08-44-31-33_002.JPG,3
dtset4/73995_objt_bp_2020-12-02_08-35-32-33_002.JPG,3
dtset4/74044_objt_bp_2020-12-02_08-40-10-66_003.JPG,3
dtset4/73472_objt_bp_2020-12-02_08-27-23-00_001.JPG,3
dtset4/73576_objt_bp_2020-12-02_08-30-54-00_001.JPG,3
dtset4/74035_objt_bp_2020-12-02_08-47-20-00_001.JPG,3
dtset4/72721_objt_bp_2020-12-02_08-17-26-66_003.JPG,3
dtset4/73624_objt_bp_2020-12-02_08-29-37-33_002.JPG,3
dtset4/73026_objt_bp_2020-12-02_08-22-03-33_002.JPG,3
dtset4/73280_objt_bp_2020-12-02_08-17-03-33_002.JPG,3
dtset4/73249_objt_bp_2020-12-02_08-17-04-33_002.JPG,3
dtset4/73999_objt_bp_2020-12-02_08-44-33-66_003.JPG,3
dtset4/73400_objt_bp_2020-12-02_08-29-04-33_002.JPG,3
dtset4/72632_objt_bp_2020-12-02_08-03-15-00_001.JPG,3
dtset4/73740_objt_bp_2020-12-02_08-33-23-00_001.JPG,3
dtset4/73957_objt_bp_2020-12-02_08-42-08-33_002.JPG,3
dtset4/73981_objt_bp_2020-12-02_08-39-18-00_001.JPG,3
dtset4/73171_objt_bp_2020-12-02_08-18-17-66_003.JPG,3
dtset4/73231_objt_bp_2020-12-02_08-16-23-33_002.JPG,3
dtset4/72603_objt_bp_2020-12-02_08-03-00-33_005.JPG,3
dtset4/73218_objt_bp_2020-12-02_08-22-05-00_001.JPG,3
dtset4/73917_objt_bp_2020-12-02_08-42-24-00_001.JPG,3
dtset4/73635_objt_bp_2020-12-02_08-28-38-33_002.JPG,3
dtset4/73504_objt_bp_2020-12-02_08-29-37-66_003.JPG,3
dtset4/73556_objt_bp_2020-12-02_08-25-43-00_001.JPG,3
dtset4/74072_objt_bp_2020-12-02_08-39-15-00_001.JPG,3
dtset4/73832_objt_bp_2020-12-02_08-39-34-66_003.JPG,3
dtset4/72839_objt_bp_2020-12-02_08-22-52-33_002.JPG,3
dtset4/72733_objt_bp_2020-12-02_08-15-09-33_002.JPG,3
dtset4/74117_objt_bp_2020-12-02_08-39-47-33_002.JPG,3
dtset4/73158_objt_bp_2020-12-02_08-21-20-33_002.JPG,3
dtset4/73546_objt_bp_2020-12-02_08-32-14-33_002.JPG,3
dtset4/73183_objt_bp_2020-12-02_08-21-42-66_003.JPG,3
dtset4/73948_objt_bp_2020-12-02_08-42-46-00_001.JPG,3
dtset4/73025_objt_bp_2020-12-02_08-22-49-66_003.JPG,3
dtset4/72630_objt_bp_2020-12-02_08-08-27-00_001.JPG,3
dtset4/72848_objt_bp_2020-12-02_08-16-00-66_002.JPG,3
dtset4/73633_objt_bp_2020-12-02_08-29-52-00_001.JPG,3
dtset4/73953_objt_bp_2020-12-02_08-34-16-33_002.JPG,3
dtset4/72741_objt_bp_2020-12-02_08-18-12-00_001.JPG,3
dtset4/72604_objt_bp_2020-12-02_08-03-14-66_003.JPG,3
dtset4/73886_objt_bp_2020-12-02_08-34-51-33_002.JPG,3
dtset4/73827_objt_bp_2020-12-02_08-43-57-66_003.JPG,3
dtset4/74129_objt_bp_2020-12-02_08-39-13-00_001.JPG,3
dtset4/73402_objt_bp_2020-12-02_08-28-45-00_001.JPG,3
dtset4/73874_objt_bp_2020-12-02_08-38-38-00_001.JPG,3
dtset4/74012_objt_bp_2020-12-02_08-47-02-00_001.JPG,3
dtset4/73417_objt_bp_2020-12-02_08-28-40-33_002.JPG,3
dtset4/73962_objt_bp_2020-12-02_08-39-14-00_001.JPG,3
dtset4/73227_objt_bp_2020-12-02_08-22-06-33_002.JPG,3
dtset4/74087_objt_bp_2020-12-02_08-40-50-00_001.JPG,3
dtset4/72735_objt_bp_2020-12-02_08-17-59-66_003.JPG,3
dtset4/73048_objt_bp_2020-12-02_08-23-05-33_002.JPG,3
dtset4/72653_objt_bp_2020-12-02_08-05-37-00_001.JPG,3
dtset4/72612_objt_bp_2020-12-02_08-03-59-66_003.JPG,3
dtset4/72738_objt_bp_2020-12-02_08-15-37-33_002.JPG,3
dtset4/74145_objt_bp_2020-12-02_08-47-19-00_001.JPG,3
dtset4/73222_objt_bp_2020-12-02_08-18-53-33_002.JPG,3
dtset4/73310_objt_bp_2020-12-02_08-18-17-00_001.JPG,3
dtset4/73444_objt_bp_2020-12-02_08-27-23-33_002.JPG,3
dtset4/73229_objt_bp_2020-12-02_08-17-38-33_002.JPG,3
dtset4/73648_objt_bp_2020-12-02_08-27-45-66_003.JPG,3
dtset4/73801_objt_bp_2020-12-02_08-34-39-33_002.JPG,3
dtset4/73896_objt_bp_2020-12-02_08-39-24-00_001.JPG,3
dtset4/73306_objt_bp_2020-12-02_08-17-55-00_001.JPG,3
dtset4/73538_objt_bp_2020-12-02_08-32-07-00_001.JPG,3
dtset4/73470_objt_bp_2020-12-02_08-33-32-00_001.JPG,3
dtset4/73145_objt_bp_2020-12-02_08-21-24-00_001.JPG,3
dtset4/73162_objt_bp_2020-12-02_08-17-10-33_002.JPG,3
dtset4/72621_objt_bp_2020-12-02_08-08-27-33_002.JPG,3
dtset4/73139_objt_bp_2020-12-02_08-16-08-66_003.JPG,3
dtset4/74071_objt_bp_2020-12-02_08-47-19-66_003.JPG,3
dtset4/73298_objt_bp_2020-12-02_08-21-24-66_003.JPG,3
dtset4/72592_objt_bp_2020-12-02_08-10-10-33_002.JPG,3
dtset4/73735_objt_bp_2020-12-02_08-33-26-33_002.JPG,3
dtset4/73318_objt_bp_2020-12-02_08-18-42-00_001.JPG,3
dtset4/73902_objt_bp_2020-12-02_08-33-35-66_003.JPG,3
dtset4/74086_objt_bp_2020-12-02_08-34-45-00_001.JPG,3
dtset4/73604_objt_bp_2020-12-02_08-30-54-66_003.JPG,3
dtset4/73046_objt_bp_2020-12-02_08-20-22-66_003.JPG,3
dtset4/74060_objt_bp_2020-12-02_08-39-54-33_002.JPG,3
dtset4/73406_objt_bp_2020-12-02_08-31-34-00_001.JPG,3
dtset4/73039_objt_bp_2020-12-02_08-22-04-00_001.JPG,3
dtset4/72615_objt_bp_2020-12-02_08-04-43-00_001.JPG,3
dtset4/73950_objt_bp_2020-12-02_08-35-34-00_001.JPG,3
dtset4/73741_objt_bp_2020-12-02_08-38-39-00_001.JPG,3
dtset4/73187_objt_bp_2020-12-02_08-18-38-33_002.JPG,3
dtset4/72731_objt_bp_2020-12-02_08-15-35-66_003.JPG,3
dtset4/73925_objt_bp_2020-12-02_08-41-37-66_003.JPG,3
dtset4/73751_objt_bp_2020-12-02_08-41-36-66_003.JPG,3
dtset4/73954_objt_bp_2020-12-02_08-41-47-00_001.JPG,3
dtset4/73642_objt_bp_2020-12-02_08-29-17-66_003.JPG,3
dtset4/73186_objt_bp_2020-12-02_08-20-24-00_001.JPG,3
dtset4/73238_objt_bp_2020-12-02_08-21-38-33_002.JPG,3
dtset4/73514_objt_bp_2020-12-02_08-30-55-00_001.JPG,3
dtset4/72599_objt_bp_2020-12-02_08-04-09-33_002.JPG,3
dtset4/73256_objt_bp_2020-12-02_08-17-54-66_003.JPG,3
dtset4/73984_objt_bp_2020-12-02_08-41-44-66_003.JPG,3
dtset4/72836_objt_bp_2020-12-02_08-17-39-00_001.JPG,3
dtset4/73430_objt_bp_2020-12-02_08-29-31-33_002.JPG,3
dtset4/73414_objt_bp_2020-12-02_08-33-28-00_001.JPG,3
dtset4/74037_objt_bp_2020-12-02_08-34-43-66_003.JPG,3
dtset4/73027_objt_bp_2020-12-02_08-22-05-33_002.JPG,3
dtset4/73594_objt_bp_2020-12-02_08-26-14-66_003.JPG,3
dtset4/73988_objt_bp_2020-12-02_08-39-21-00_001.JPG,3
dtset4/74151_objt_bp_2020-12-02_08-40-38-33_002.JPG,3
dtset4/74106_objt_bp_2020-12-02_08-34-32-33_002.JPG,3
dtset4/72622_objt_bp_2020-12-02_08-05-25-33_002.JPG,3
dtset4/73600_objt_bp_2020-12-02_08-29-19-33_002.JPG,3
dtset4/73265_objt_bp_2020-12-02_08-17-10-66_003.JPG,3
dtset4/74045_objt_bp_2020-12-02_08-39-54-66_003.JPG,3
dtset4/73223_objt_bp_2020-12-02_08-18-55-33_002.JPG,3
dtset4/72640_objt_bp_2020-12-02_08-03-20-66_003.JPG,3
dtset4/72747_objt_bp_2020-12-02_08-18-11-66_003.JPG,3
dtset4/73283_objt_bp_2020-12-02_08-17-11-00_001.JPG,3
dtset4/73627_objt_bp_2020-12-02_08-33-31-00_001.JPG,3
dtset4/73645_objt_bp_2020-12-02_08-31-25-33_002.JPG,3
dtset4/74063_objt_bp_2020-12-02_08-40-05-00_001.JPG,3
dtset4/72821_objt_bp_2020-12-02_08-20-23-33_002.JPG,3
dtset3/74733_objt_bp_2020-12-02_10-33-16-33_002.JPG,3
dtset3/74465_objt_bp_2020-12-02_10-13-04-66_003.JPG,3
dtset3/74791_objt_bp_2020-12-02_11-23-57-66_003.JPG,3
dtset3/74404_objt_bp_2020-12-02_09-52-22-33_002.JPG,3
dtset3/74406_objt_bp_2020-12-02_09-55-51-33_002.JPG,3
dtset3/74414_objt_bp_2020-12-02_09-57-56-66_003.JPG,3
dtset3/74362_objt_bp_2020-12-02_10-02-22-33_002.JPG,3
dtset3/74505_objt_bp_2020-12-02_10-24-19-33_002.JPG,3
dtset3/74337_objt_bp_2020-12-02_09-52-30-00_001.JPG,3
dtset3/74706_objt_bp_2020-12-02_10-22-32-66_003.JPG,3
dtset3/74448_objt_bp_2020-12-02_10-05-04-00_001.JPG,3
dtset3/74383_objt_bp_2020-12-02_09-54-26-00_001.JPG,3
dtset3/74549_objt_bp_2020-12-02_10-27-29-00_001.JPG,3
dtset3/74567_objt_bp_2020-12-02_10-28-40-66_003.JPG,3
dtset3/74538_objt_bp_2020-12-02_10-21-19-66_003.JPG,3
dtset3/74534_objt_bp_2020-12-02_10-25-22-33_002.JPG,3
dtset3/74571_objt_bp_2020-12-02_10-27-41-00_001.JPG,3
dtset3/74493_objt_bp_2020-12-02_10-22-22-00_001.JPG,3
dtset3/74344_objt_bp_2020-12-02_09-54-24-00_001.JPG,3
dtset3/74761_objt_bp_2020-12-02_10-43-57-33_002.JPG,3
dtset3/74714_objt_bp_2020-12-02_10-24-40-66_003.JPG,3
dtset3/74451_objt_bp_2020-12-02_10-22-16-00_001.JPG,3
dtset3/74355_objt_bp_2020-12-02_09-54-21-66_003.JPG,3
dtset3/74636_objt_bp_2020-12-02_10-39-53-33_002.JPG,3
dtset3/74792_objt_bp_2020-12-02_11-12-54-00_001.JPG,3
dtset3/74796_objt_bp_2020-12-02_11-06-10-33_002.JPG,3
dtset3/74817_objt_bp_2020-12-02_11-24-32-66_003.JPG,3
dtset3/74630_objt_bp_2020-12-02_10-38-19-00_001.JPG,3
dtset3/74730_objt_bp_2020-12-02_10-37-00-00_004.JPG,3
dtset3/74591_objt_bp_2020-12-02_10-21-56-33_002.JPG,3
dtset3/74477_objt_bp_2020-12-02_10-05-03-66_003.JPG,3
dtset3/74575_objt_bp_2020-12-02_10-33-38-00_001.JPG,3
dtset3/74361_objt_bp_2020-12-02_09-56-44-66_003.JPG,3
dtset3/74592_objt_bp_2020-12-02_10-40-43-33_002.JPG,3
dtset3/74789_objt_bp_2020-12-02_11-23-58-66_003.JPG,3
dtset3/74413_objt_bp_2020-12-02_09-57-35-66_003.JPG,3
dtset3/74429_objt_bp_2020-12-02_10-06-06-66_003.JPG,3
dtset3/74537_objt_bp_2020-12-02_10-12-17-33_002.JPG,3
dtset3/74580_objt_bp_2020-12-02_10-35-30-66_003.JPG,3
dtset3/74464_objt_bp_2020-12-02_10-25-21-66_003.JPG,3
dtset3/74637_objt_bp_2020-12-02_10-27-56-00_001.JPG,3
dtset3/74621_objt_bp_2020-12-02_10-29-37-66_003.JPG,3
dtset3/74550_objt_bp_2020-12-02_10-24-03-00_001.JPG,3
dtset3/74569_objt_bp_2020-12-02_10-29-12-00_001.JPG,3
dtset3/74795_objt_bp_2020-12-02_11-26-42-66_003.JPG,3
dtset3/74604_objt_bp_2020-12-02_10-35-27-00_001.JPG,3
dtset3/74740_objt_bp_2020-12-02_10-37-14-33_002.JPG,3
dtset3/74794_objt_bp_2020-12-02_11-12-58-00_001.JPG,3
dtset3/74380_objt_bp_2020-12-02_09-50-36-66_003.JPG,3
dtset3/74531_objt_bp_2020-12-02_10-05-57-66_003.JPG,3
dtset3/74563_objt_bp_2020-12-02_10-29-09-66_003.JPG,3
dtset3/74690_objt_bp_2020-12-02_10-29-42-33_002.JPG,3
dtset3/74334_objt_bp_2020-12-02_09-54-25-33_002.JPG,3
dtset3/74785_objt_bp_2020-12-02_11-23-58-00_001.JPG,3
dtset3/74713_objt_bp_2020-12-02_10-39-50-00_001.JPG,3
dtset3/74530_objt_bp_2020-12-02_10-22-25-66_003.JPG,3
dtset3/74614_objt_bp_2020-12-02_10-34-35-00_001.JPG,3
dtset3/74728_objt_bp_2020-12-02_10-41-18-66_003.JPG,3
dtset3/74602_objt_bp_2020-12-02_10-37-15-00_001.JPG,3
dtset3/74528_objt_bp_2020-12-02_10-24-13-66_003.JPG,3
dtset3/74437_objt_bp_2020-12-02_10-05-27-00_001.JPG,3
dtset3/74711_objt_bp_2020-12-02_10-35-40-66_003.JPG,3
dtset3/74497_objt_bp_2020-12-02_10-23-01-33_002.JPG,3
dtset3/74481_objt_bp_2020-12-02_10-12-15-00_001.JPG,3
dtset3/74648_objt_bp_2020-12-02_10-35-52-33_002.JPG,3
dtset3/74584_objt_bp_2020-12-02_10-40-00-33_005.JPG,3
dtset3/74541_objt_bp_2020-12-02_10-06-07-00_001.JPG,3
dtset3/74650_objt_bp_2020-12-02_10-36-31-66_003.JPG,3
dtset3/74546_objt_bp_2020-12-02_10-12-10-00_001.JPG,3
dtset3/74665_objt_bp_2020-12-02_10-38-20-66_003.JPG,3
dtset3/74474_objt_bp_2020-12-02_10-23-01-00_001.JPG,3
dtset3/74688_objt_bp_2020-12-02_10-28-41-00_001.JPG,3
dtset3/74668_objt_bp_2020-12-02_10-26-41-33_002.JPG,3
dtset3/74490_objt_bp_2020-12-02_10-11-45-66_003.JPG,3
dtset3/74519_objt_bp_2020-12-02_10-24-14-00_001.JPG,3
dtset3/74666_objt_bp_2020-12-02_10-26-23-33_002.JPG,3
dtset3/74764_objt_bp_2020-12-02_10-42-14-33_002.JPG,3
dtset3/74359_objt_bp_2020-12-02_09-56-33-66_003.JPG,3
dtset3/74691_objt_bp_2020-12-02_10-41-10-00_001.JPG,3
dtset3/74483_objt_bp_2020-12-02_10-05-46-00_001.JPG,3
dtset3/74394_objt_bp_2020-12-02_09-56-33-00_001.JPG,3
dtset3/74520_objt_bp_2020-12-02_10-07-28-33_002.JPG,3
dtset3/74576_objt_bp_2020-12-02_10-26-56-00_001.JPG,3
dtset3/74489_objt_bp_2020-12-02_10-25-04-00_001.JPG,3
dtset3/74678_objt_bp_2020-12-02_10-28-11-33_002.JPG,3
dtset3/74363_objt_bp_2020-12-02_09-53-14-00_001.JPG,3
dtset3/74514_objt_bp_2020-12-02_10-12-47-66_003.JPG,3
dtset3/74369_objt_bp_2020-12-02_09-52-29-66_003.JPG,3
dtset3/74479_objt_bp_2020-12-02_10-06-30-33_002.JPG,3
dtset3/74660_objt_bp_2020-12-02_10-33-17-66_003.JPG,3
dtset3/74827_objt_bp_2020-12-02_11-07-36-00_001.JPG,3
dtset3/74788_objt_bp_2020-12-02_11-12-59-00_001.JPG,3
dtset3/74704_objt_bp_2020-12-02_10-25-15-33_002.JPG,3
dtset3/74779_objt_bp_2020-12-02_11-23-38-66_003.JPG,3
dtset3/74669_objt_bp_2020-12-02_10-37-51-66_003.JPG,3
dtset3/74633_objt_bp_2020-12-02_10-26-42-33_002.JPG,3
dtset3/74715_objt_bp_2020-12-02_10-38-21-33_002.JPG,3
dtset3/74749_objt_bp_2020-12-02_10-43-47-33_002.JPG,3
dtset3/74771_objt_bp_2020-12-02_10-47-06-00_001.JPG,3
dtset3/74703_objt_bp_2020-12-02_10-36-32-00_001.JPG,3
dtset3/74439_objt_bp_2020-12-02_10-23-37-66_003.JPG,3
dtset3/74447_objt_bp_2020-12-02_10-24-20-00_001.JPG,3
dtset3/74766_objt_bp_2020-12-02_10-46-41-33_002.JPG,3
dtset3/74338_objt_bp_2020-12-02_09-53-36-66_003.JPG,3
dtset3/74469_objt_bp_2020-12-02_10-13-34-00_001.JPG,3
dtset3/74471_objt_bp_2020-12-02_10-06-07-33_002.JPG,3
dtset3/74701_objt_bp_2020-12-02_10-33-15-33_002.JPG,3
dtset3/74408_objt_bp_2020-12-02_09-53-37-00_001.JPG,3
